プロダクト,プライス,プロモーション,プレイス,ターゲット,セグメント,ポジショニング,ブランディング,パッケージ,価格戦略,市場シェア,市場調査,競合分析,製品開発,製品ライフサイクル,顧客満足度,顧客維持,リピート購入,アップセル,クロスセル,リファラル,オムニチャネル,オンライン広告,オフライン広告,SNSマーケティング,SEO,SEM,CTR,コンバージョン率,ROAS
腐った,人形,合計,〜,部隊,風景,近代化する,トースト,インチ,催眠術,学生,ダイヤモンド,近代化する,衝突,バスケット,スペル,バナー,埋め込む,尊敬する,午前,ダッシュ,中央,トーン,省略,感謝する,野球,普通の,風景,出演者,持ってる
編組,狭い,戦略的,追放する,今日,カラム,コーナー,主婦,腐った,ボトル,陶器,ヒット,シェービング,電話,風景,シェービング,衝突,血まみれの,溝,出演者,ブラケット,クール,細かい,立派な,癌,試してみる,障害,創傷,シュガー,風景
近代化する,フレーム,日曜日,転倒,ブレーキ,見落とす,持っていました,織る,ソース,ログ,倫理,トリビュート,花嫁,感謝する,同行,式,緩む,副,感謝する,見落とす,マリン,リフト,トリビュート,今,デッド,コーラス,追放する,楽しんで,奨励します,器官
衝突,協力,障害,尊敬する,スキーム,近代化する,野球,バケツ,ジャーナル,ダイヤモンド,錯覚,野球,野球,分割,コーナー,差別する,トス,オークション,意図,ブランチ,式,君は,細かい,バナー,職人,ダイヤモンド,コミュニケーション,野球,発生する,コミュニティ
中世,トーン,暖かい,デッド,埋め込む,ブレーキ,リンク,主人,〜,柔らかい,シュガー,トースト,状況,探査,ダッシュ,目的,舗装,ニュース,クロス,日曜日,楽しんで,ハンマー,供給,省略,障害,ダッシュ,バナー,フレーム,主人,鉱山
中世,血まみれの,デッド,障害,動物,戦略的,明らかにする,電池,画面,バスケット,式,ノート,保持する,は,試してみる,供給,革新,供給,省略,今,癌,保持する,バーゲン,コピー,舗装,ベルベット,タワー,屋根裏,ヒット,出演者
器官,インチ,オークション,今日,憲法,欠乏,デフォルト,〜,シェービング,ブレーキ,人形,普通の,リンク,トースト,転倒,バスケット,楽しんで,あなた自身,ボトル,ヒール,風景,雪,バーゲン,花嫁,教授,ピック,バスケット,販売,画面,明らかにする
文言,運,雪,サラダ,電話,持ってる,午前,トリビュート,衝突,状況,テント,画面,楽しんで,コーラス,テント,サラダ,彼女,不自然な,ハンマー,中世,ノート,暖かい,尊敬する,極端な,戦略的,デフォルト,ブレーキ,障害,クルー,狭い
アクセルペダル,差別する,屋根裏,ダイヤモンド,メニュー,ベルベット,トーン,じぶんの,野球,障害,索引,近代化する,呼ぶ,虐待,サンプル,スキーム,ない,追放する,ダニ,人形,オークション,リハビリ,じぶんの,運,自体,動物,明らかにする,クロス,キャビネット,大統領
感謝する,バスケット,ジャム,コンペ,協力,シェービング,ハンマー,バス,花嫁,中央,プラスチック,錯覚,保持する,連続,建築,改善,ブラケット,脊椎,狭い,職人,尿,管理する,ピック,電話,デフォルト,今日,状況,ブレーキ,再現する,錯覚
参加する,衝突,敵,月,敵対的な,ヒール,トーン,ダッシュ,敵対的な,私,差別する,電話,ダニ,〜,細かい,ログ,バスケット,彼女,尿,キャビネット,高い,索引,は,ストレージ,柔らかい,欠乏,ブレーキ,保証金,デフォルト,トースト
サワー,デッド,教授,叔父,コーナー,偏差,ボトル,学生,特徴,パーセント,ログ,ヒール,ハンマー,細かい,大統領,細かい,鉱山,目的,学生,タワー,参加する,ダニ,高い,風景,花嫁,リハビリ,マリン,敵,大統領,隠す
ささやき,あなた自身,大統領,ブレーキ,ダニ,連続,ブラケット,ニュース,動物,意図,フレーム,ヒール,リハビリ,クルー,楽しんで,マリン,じぶんの,今日,行進,リンク,分割,意図,参加する,転倒,教会,スペル,同行,賞賛する,カラム,索引
ヒール,持っていました,バス,トリビュート,タワー,風景,フェミニスト,あった,狭い,尿,トレーナー,主人,リニア,バナー,リハビリ,行進,持っていました,供給,画面,主婦,ブラケット,ソース,数字,ない,建築,リニア,職人,再現する,コーラス,数字
シュガー,ホイール,コンペ,パーセント,バナー,癌,パイオニア,クロス,ホイール,脊椎,賞賛する,探査,参加する,メニュー,数字,コミュニティ,テント,持ってる,シュガー,コーナー,日曜日,自体,偏差,省略,デフォルト,バス,タワー,ヒット,日曜日,ダイヤモンド
スマッシュ,彼女,チーズ,評議会,協力,リニア,私,供給,ダイヤモンド,証言する,販売,分割,持つ,明らかにする,合計,雪,偏差,バケツ,中央,織る,建築,尿,索引,楽しんで,コミュニティ,必要,ノート,雪,持つ,コーラス
叔父,バケツ,パーセント,符号,障害,暖かい,見落とす,バスケット,マリン,タワー,数字,本質的な,探査,緩む,編組,狭い,花嫁,サンプル,倫理,敵対的な,管理する,敵対的な,日曜日,トーン,ダイヤモンド,本質的な,ニュース,ヘア,午前,極端な
戦略的,コミュニケーション,ジャーナル,デッド,彼,厳しい,サワー,ヒール,トス,欠乏,移動,フレーム,衝突,クール,雪,助けて,衝突,コーナー,野球,指名,教授,暖かい,近代化する,タワー,中央,感謝する,ブランチ,保証金,暖かい,管理する
意図,トス,画面,発生する,呼ぶ,風景,インチ,中央,コンペ,同行,通行料金,叔父,協力,ニュース,出演者,器官,屋根裏,ヘア,コンペ,腐った,倫理,運,クロス,人形,再現する,は,じぶんの,偏差,行進,ベルベット
今,錯覚,シュガー,ダイヤモンド,分割,敵対的な,クロス,評議会,編組,軸,サワー,合計,花嫁,尿,犯罪者,クロス,擁する,運,同行,リフト,シェービング,障害,転倒,ささやき,催眠術,販売,連続,欠乏,電池,拡張
必要,癌,プラスチック,花嫁,教会,転倒,尿,反射,装置,敵対的な,リニア,器官,私,トーン,ボトル,索引,コーラス,あった,トリビュート,楽しんで,奨励します,血まみれの,は,残る,パン,暖かい,探査,数字,動物,彼
通行料金,ダッシュ,埋め込む,評議会,軸,差別する,持っていました,差別する,カレッジ,緩む,リンク,分割,バケツ,装置,戦略的,転倒,怒り,ダッシュ,倫理,クロス,画面,見出し,キャビネット,ダイヤモンド,タワー,近代化する,同行,ヘア,賞賛する,ホイール
電話,革新,学生,それ,風景,サワー,ジャム,探査,学生,ジャム,犯罪者,デフォルト,管理する,賞賛する,犯罪者,スキーム,出演者,風景,部隊,ダニ,クール,日曜日,今,運,リニア,コミュニティ,ノート,あった,鉱山,錯覚
尊敬する,野球,特徴,サワー,持っていました,楽しんで,ダイヤモンド,フェミニスト,パイオニア,バケツ,器官,犯罪者,近代化する,虐待,改善,スペル,クロス,拡張,フェミニスト,私,呼ぶ,鉱山,省略,バーゲン,主婦,仕上げ,花嫁,シェービング,文言,建築
怒り,再現する,衝突,今日,鉱山,今,学生,脊椎,リンク,偏差,符号,擁する,午前,アクセルペダル,探査,索引,オークション,トレーナー,暖かい,叔父,トーン,評議会,あった,バケツ,高い,催眠術,転倒,暖かい,ジャーナル,プラスチック
ささやき,部隊,パイオニア,移動,画面,オークション,血まみれの,同行,ささやき,今日,インチ,画面,主婦,サワー,狭い,部隊,動物,感謝する,タワー,狐,パイオニア,発生する,転倒,ストレージ,厳しい,屋根裏,通行料金,評議会,リフト,風景
カレッジ,ボトル,保証金,ノート,癌,〜,部隊,探査,電話,出演者,極端な,索引,特徴,式,柔らかい,持つ,符号,衝突,陶器,ピック,サラダ,ベルベット,人形,普通の,副,拡張,ブラケット,改善,見落とす,ノート
索引,フレーム,プラスチック,中央,大統領,サラダ,副,犯罪者,サンプル,厳しい,式,ダッシュ,ハードウェア,緩む,状況,私,バナー,主人,証言する,ベルベット,錯覚,供給,狭い,陶器,奨励します,品質,明らかにする,管理する,省略,織る
日曜日,ヘア,テント,ログ,保持する,再現する,尿,狭い,シュガー,創傷,柔らかい,通行料金,ボトル,クール,器官,状況,ハードウェア,通行料金,ない,学生,電話,狭い,私,文言,中央,ジャーナル,品質,敵,トーン,クロス
は,仕上げ,ニュース,ジャーナル,欠乏,教会,見出し,差別する,倫理,ブラケット,パン,じぶんの,トレーナー,障害,スペル,ダイヤモンド,ダニ,鉱山,叔父,クロス,再現する,日曜日,ピック,見出し,助けて,ソース,副,協力,ジャム,ない
狐,ブレーキ,同行,コピー,鉱山,虐待,は,暖かい,メニュー,教会,再現する,試してみる,特徴,尿,織る,癌,カラム,副,建築,君は,差別する,奨励します,キャビン,ノート,あなた自身,溝,持つ,血まみれの,中央,トレーナー
欠乏,狐,アクセルペダル,中央,癌,鉱山,動物,あった,拡張,スマッシュ,パーセント,省略,普通の,主人,意図,バケツ,ジャーナル,ダニ,持ってる,保証金,創傷,編組,呼ぶ,アクセルペダル,主人,教会,プラスチック,創傷,デフォルト,偏差
トースト,試してみる,販売,フェミニスト,憲法,スキーム,仕上げ,インチ,メニュー,ピック,屋根裏,不自然な,スマッシュ,副,状況,憲法,軸,〜,午前,管理する,必要,ダニ,叔父,本質的な,運,バーゲン,転倒,衝突,埋め込む,供給
普通の,虐待,画面,持ってる,クルー,スマッシュ,副,偏差,証言する,マリン,状況,ホイール,賞賛する,不自然な,主人,雪,ホイール,狭い,パーセント,リニア,バスケット,見出し,協力,私,パーセント,マリン,ソース,偏差,装置,ノート
クルー,コーラス,リフト,脊椎,緩む,学生,普通の,厳しい,省略,ストレージ,私,衝突,文言,虐待,コミュニケーション,人形,本質的な,教授,敵,中世,じぶんの,キャビネット,高い,省略,叔父,あった,障害,改善,奨励します,楽しんで
午前,カレッジ,プラスチック,通行料金,パン,状況,フレーム,狐,部隊,知覚,カラム,職人,式,目的,移動,移動,職人,人形,トースト,柔らかい,敵,移動,サンプル,意図,緩む,偏差,評議会,彼女,主婦,明らかにする
改善,チーズ,彼,必要,式,同行,探査,インチ,織る,トス,指名,販売,教授,奨励します,文言,それ,デフォルト,自体,トレーナー,ジャム,戦略的,屋根裏,倫理,呼ぶ,革新,証言する,トーン,コピー,スマッシュ,ダッシュ
転倒,スペル,呼ぶ,倫理,脊椎,ボトル,連続,奨励します,厳しい,シェービング,あった,じぶんの,錯覚,ブラケット,野球,血まみれの,メニュー,ベルベット,あった,助けて,奨励します,状況,証言する,鉱山,鉱山,同行,錯覚,厳しい,中世,緩む
奨励します,葉,オークション,狭い,カラム,カレッジ,ホイール,式,意図,協力,欠乏,ピック,狐,協力,装置,犯罪者,衝突,ニュース,メニュー,クロス,癌,呼ぶ,風景,見落とす,反射,フレーム,腐った,トリビュート,連続,シェービング
文言,販売,倫理,コピー,運,通行料金,助けて,私,楽しんで,高い,符号,スキーム,ハードウェア,主婦,チーズ,じぶんの,管理する,同行,感謝する,バス,ログ,インチ,今,感謝する,移動,明らかにする,私,呼ぶ,軸,日曜日
持ってる,鉱山,メニュー,中央,人形,反射,合計,今日,ニュース,トレーナー,知覚,テント,ホイール,主婦,日曜日,陶器,サンプル,ない,拡張,反射,部隊,ヒット,感謝する,楽しんで,反射,彼女,供給,ベルベット,職人,サラダ
再現する,呼ぶ,差別する,デフォルト,状況,犯罪者,スペル,不自然な,デッド,反射,は,建築,ハードウェア,不自然な,学生,鉱山,あなた自身,午前,カラム,教会,協力,パーセント,差別する,クロス,見落とす,保証金,トースト,フレーム,ボトル,探査
クロス,ヒール,発生する,犯罪者,バーゲン,意図,狭い,持ってる,特徴,ブレーキ,暖かい,ベルベット,保証金,狐,普通の,欠乏,月,教会,ダニ,コーナー,運,錯覚,オークション,埋め込む,通行料金,創傷,月,は,柔らかい,ささやき
ピック,助けて,コンペ,持ってる,ジャーナル,トースト,転倒,行進,屋根裏,溝,は,バーゲン,サラダ,奨励します,尊敬する,リニア,残る,ブラケット,日曜日,インチ,タワー,連続,クール,残る,狭い,保証金,状況,今日,中央,創傷
隠す,ニュース,衝突,保持する,癌,管理する,トリビュート,マリン,フレーム,目的,バケツ,鉱山,中央,軸,シュガー,指名,協力,ブランチ,敵,品質,バケツ,持つ,コーラス,月,ストレージ,尿,サンプル,キャビネット,あった,普通の
鉱山,編組,カラム,バーゲン,織る,催眠術,バケツ,彼,式,欠乏,インチ,分割,欠乏,錯覚,憲法,雪,狐,ジャーナル,省略,状況,コミュニティ,革新,トス,文言,屋根裏,障害,管理する,主人,偏差,彼
人形,大統領,助けて,トーン,あった,評議会,錯覚,叔父,電話,溝,シュガー,コンペ,電話,ブランチ,今,楽しんで,指名,〜,ささやき,コンペ,隠す,バナー,パン,花嫁,犯罪者,彼女,証言する,じぶんの,品質,建築
ログ,鉱山,君は,部隊,今,風景,インチ,奨励します,織る,評議会,戦略的,本質的な,持つ,インチ,屋根裏,評議会,トリビュート,敵対的な,午前,リハビリ,助けて,学生,省略,脊椎,トリビュート,主婦,フレーム,式,ピック,動物
月,リンク,葉,連続,再現する,あなた自身,トリビュート,バス,持っていました,カレッジ,見出し,彼女,特徴,虐待,癌,フェミニスト,軸,虐待,ソース,欠乏,隠す,必要,ジャム,中世,電池,倫理,再現する,不自然な,サンプル,器官
尿,装置,試してみる,狭い,トーン,証言する,アクセルペダル,大統領,運,ソース,助けて,あなた自身,不自然な,午前,隠す,中央,今,プラスチック,プラスチック,ハードウェア,文言,文言,スペル,管理する,ホイール,尊敬する,怒り,教授,彼,リニア
高い,リハビリ,キャビネット,溝,ささやき,シェービング,建築,パン,衝突,衝突,それ,狐,は,見落とす,分割,特徴,ブレーキ,ダニ,差別する,バケツ,パン,インチ,電話,供給,残る,スキーム,陶器,君は,文言,キャビネット
パーセント,私,教会,は,偏差,本質的な,コミュニティ,知覚,索引,持つ,私,奨励します,倫理,ハードウェア,今日,編組,〜,ソース,擁する,連続,学生,ジャーナル,ハンマー,フェミニスト,衝突,器官,創傷,障害,埋め込む,緩む
不自然な,特徴,本質的な,隠す,擁する,省略,敵対的な,シュガー,狭い,ダイヤモンド,は,見出し,立派な,同行,持っていました,野球,錯覚,保証金,必要,埋め込む,尊敬する,状況,フェミニスト,普通の,バナー,腐った,呼ぶ,オークション,動物,それ
目的,分割,尿,タワー,差別する,叔父,創傷,プラスチック,舗装,彼,倫理,ベルベット,持つ,見出し,舗装,部隊,シェービング,狐,参加する,欠乏,画面,ソース,コミュニケーション,改善,コピー,クール,雪,連続,サラダ,は
感謝する,数字,〜,奨励します,ログ,動物,尿,符号,衝突,デッド,パイオニア,指名,尿,衝突,画面,パイオニア,数字,パーセント,リハビリ,リフト,協力,供給,試してみる,ピック,トリビュート,画面,拡張,意図,厳しい,省略
キャビネット,花嫁,トーン,キャビン,偏差,今日,転倒,サワー,画面,協力,デッド,電池,改善,マリン,通行料金,偏差,残る,拡張,行進,呼ぶ,フレーム,管理する,知覚,バナー,ヘア,連続,本質的な,指名,トーン,舗装
リハビリ,バス,品質,特徴,パン,アクセルペダル,柔らかい,メニュー,尿,品質,式,省略,反射,彼,欠乏,コーラス,通行料金,ログ,協力,怒り,彼女,器官,転倒,サラダ,副,特徴,コミュニティ,供給,器官,タワー
オークション,ハードウェア,擁する,は,障害,コンペ,リフト,狐,織る,立派な,クール,管理する,連続,癌,運,偏差,舗装,ジャーナル,サワー,部隊,指名,電話,脊椎,式,探査,チーズ,主人,部隊,クール,分割
テント,スペル,供給,あった,カラム,バスケット,近代化する,主人,ストレージ,反射,デフォルト,君は,催眠術,部隊,知覚,フェミニスト,シュガー,鉱山,狐,屋根裏,叔父,教授,合計,不自然な,リフト,ブランチ,葉,アクセルペダル,反射,緩む
ピック,パーセント,緩む,シュガー,ささやき,タワー,特徴,スキーム,職人,バスケット,サラダ,高い,偏差,屋根裏,参加する,トーン,中央,発生する,ハードウェア,革新,ストレージ,〜,暖かい,中央,持ってる,倫理,拡張,シェービング,敵,ダイヤモンド
不自然な,ストレージ,戦略的,中央,明らかにする,隠す,リニア,数字,運,憲法,花嫁,行進,リフト,特徴,合計,ノート,呼ぶ,織る,倫理,改善,電話,高い,癌,スペル,カレッジ,見出し,不自然な,動物,欠乏,隠す
それ,暖かい,キャビネット,ログ,クルー,ハンマー,デフォルト,あった,月,あった,尊敬する,楽しんで,今日,トレーナー,サワー,それ,トースト,花嫁,スペル,参加する,通行料金,数字,シュガー,創傷,スマッシュ,反射,持っていました,コンペ,反射,私
バケツ,屋根裏,極端な,厳しい,創傷,アクセルペダル,保証金,試してみる,スペル,犯罪者,サワー,野球,差別する,参加する,織る,中世,屋根裏,画面,風景,緩む,サンプル,コミュニケーション,トリビュート,革新,ノート,職人,リニア,花嫁,販売,コンペ
コンペ,見落とす,自体,シュガー,指名,ストレージ,索引,尊敬する,ブレーキ,大統領,ニュース,君は,カレッジ,学生,販売,ない,中央,教授,持ってる,プラスチック,参加する,血まみれの,クロス,錯覚,評議会,ニュース,コーラス,人形,編組,感謝する
特徴,符号,彼,私,障害,転倒,カレッジ,障害,高い,敵対的な,証言する,コミュニケーション,インチ,風景,中世,器官,ニュース,クルー,同行,敵対的な,明らかにする,血まみれの,腐った,数字,コンペ,教授,は,供給,トス,教会
犯罪者,脊椎,意図,クルー,カラム,サラダ,スペル,特徴,ピック,リフト,デフォルト,品質,リンク,動物,コーラス,デッド,式,ログ,狭い,コーラス,サンプル,コーナー,協力,改善,拡張,トーン,敵対的な,差別する,彼女,創傷
タワー,障害,敵,障害,試してみる,ハードウェア,脊椎,販売,メニュー,オークション,欠乏,ブラケット,持っていました,リフト,トス,カラム,呼ぶ,怒り,午前,学生,試してみる,ハンマー,パーセント,改善,軸,意図,風景,錯覚,ソース,立派な
オークション,風景,擁する,管理する,自体,中世,保持する,差別する,コピー,中央,動物,じぶんの,行進,動物,再現する,彼,屋根裏,電話,犯罪者,指名,管理する,管理する,意図,特徴,ブレーキ,副,ダニ,バスケット,奨励します,再現する
サワー,部隊,本質的な,リニア,リンク,ストレージ,教授,ヒール,高い,日曜日,残る,転倒,省略,ブレーキ,運,奨励します,ニュース,コミュニケーション,鉱山,追放する,符号,文言,雪,持つ,シェービング,障害,奨励します,品質,野球,差別する
トリビュート,目的,暖かい,通行料金,ベルベット,溝,擁する,戦略的,ブランチ,柔らかい,錯覚,日曜日,リハビリ,動物,目的,必要,主婦,ジャム,近代化する,自体,チーズ,電話,試してみる,証言する,コピー,転倒,衝突,彼,見出し,擁する
同行,叔父,狐,品質,インチ,分割,メニュー,尊敬する,通行料金,電池,普通の,持ってる,欠乏,索引,持っていました,ベルベット,サラダ,緩む,バケツ,クロス,バナー,敵対的な,出演者,副,奨励します,ストレージ,仕上げ,品質,細かい,試してみる
装置,ベルベット,コーナー,催眠術,カラム,ヒット,錯覚,持っていました,部隊,メニュー,それ,サワー,敵対的な,犯罪者,追放する,近代化する,バスケット,移動,建築,尊敬する,数字,必要,ボトル,バス,カラム,供給,保持する,叔父,式,高い
教会,供給,チーズ,販売,欠乏,偏差,販売,欠乏,シュガー,パン,ソース,品質,追放する,職人,転倒,虐待,チーズ,隠す,ブレーキ,犯罪者,シュガー,隠す,省略,午前,試してみる,コーラス,タワー,ハードウェア,編組,教授
ヘア,動物,不自然な,君は,指名,トーン,主婦,ノート,緩む,狐,必要,探査,ブレーキ,じぶんの,リニア,ホイール,癌,舗装,狐,目的,あった,管理する,隠す,文言,符号,トーン,癌,近代化する,ブランチ,ベルベット
バナー,試してみる,隠す,野球,敵,供給,ダニ,不自然な,コミュニケーション,パイオニア,アクセルペダル,腐った,叔父,シェービング,運,日曜日,ダニ,狭い,教会,デフォルト,怒り,日曜日,保持する,シェービング,差別する,サワー,大統領,ダッシュ,画面,必要
装置,ブラケット,転倒,運,電池,ベルベット,主人,数字,擁する,犯罪者,再現する,タワー,障害,雪,器官,キャビネット,擁する,今,教会,オークション,屋根裏,怒り,ボトル,それ,細かい,コンペ,コミュニティ,憲法,ハンマー,緩む
コピー,自体,再現する,午前,パイオニア,それ,指名,学生,評議会,索引,オークション,協力,証言する,符号,ヒット,創傷,特徴,索引,ソース,コーラス,怒り,デフォルト,ハードウェア,バス,腐った,感謝する,式,戦略的,バスケット,供給
電話,ログ,ベルベット,コーラス,学生,ヒット,トレーナー,通行料金,発生する,織る,トリビュート,呼ぶ,怒り,隠す,同行,ホイール,状況,欠乏,リンク,ノート,同行,再現する,人形,大統領,動物,偏差,合計,意図,溝,中央
サンプル,奨励します,連続,ボトル,近代化する,デフォルト,ブラケット,デフォルト,スペル,犯罪者,ハードウェア,パン,錯覚,フェミニスト,主婦,擁する,編組,私,ノート,細かい,サンプル,本質的な,スキーム,持つ,カラム,奨励します,カレッジ,ベルベット,同行,錯覚
あなた自身,コンペ,犯罪者,副,装置,バケツ,シュガー,クロス,マリン,ブレーキ,意図,バス,キャビネット,欠乏,擁する,バナー,賞賛する,ブレーキ,式,トースト,織る,軸,行進,今,インチ,コミュニティ,出演者,中央,じぶんの,狐
特徴,キャビネット,ソース,バス,タワー,特徴,特徴,カラム,数字,通行料金,倫理,フレーム,マリン,コミュニティ,特徴,副,サラダ,品質,軸,私,持ってる,器官,フレーム,ログ,ヘア,合計,式,編組,同行,電池
キャビネット,コーナー,助けて,雪,カレッジ,証言する,ピック,ヘア,バナー,明らかにする,尊敬する,は,クルー,トス,隠す,運,電池,プラスチック,助けて,副,装置,販売,あった,持つ,狭い,ない,式,創傷,特徴,数字
目的,怒り,分割,バケツ,合計,尊敬する,試してみる,本質的な,マリン,デフォルト,文言,テント,戦略的,怒り,障害,参加する,文言,パイオニア,転倒,溝,追放する,陶器,欠乏,器官,怒り,大統領,自体,符号,コミュニケーション,ヒール
評議会,持っていました,スマッシュ,リハビリ,ピック,知覚,分割,職人,あなた自身,狭い,バナー,証言する,サンプル,評議会,アクセルペダル,ハードウェア,ブレーキ,追放する,尊敬する,助けて,オークション,衝突,キャビン,数字,フレーム,追放する,拡張,あなた自身,持っていました,極端な
インチ,ソース,証言する,賞賛する,再現する,ヒール,陶器,転倒,ソース,じぶんの,日曜日,コミュニケーション,意図,タワー,あった,カレッジ,文言,意図,保証金,管理する,トーン,職人,サンプル,品質,クール,ブラケット,サワー,指名,クール,副
副,連続,敵,クルー,血まみれの,彼,協力,コミュニティ,発生する,助けて,タワー,特徴,器官,革新,厳しい,マリン,高い,供給,タワー,持っていました,見落とす,カラム,自体,副,怒り,ハンマー,分割,評議会,人形,パン
プラスチック,保持する,マリン,脊椎,フレーム,創傷,編組,指名,見出し,省略,ブランチ,今,残る,シュガー,今日,スマッシュ,パーセント,ソース,リンク,参加する,リハビリ,キャビン,バーゲン,同行,デッド,今,立派な,式,憲法,狭い
コーナー,コミュニケーション,クルー,状況,花嫁,ストレージ,学生,明らかにする,バーゲン,トースト,仕上げ,職人,プラスチック,バーゲン,風景,ジャーナル,教授,ダイヤモンド,ヒール,状況,見落とす,カラム,パーセント,ジャーナル,溝,保証金,フレーム,バス,それ,葉
特徴,建築,見出し,ベルベット,狐,保持する,管理する,ニュース,緩む,販売,目的,野球,ヒット,彼女,指名,ヘア,パイオニア,持つ,楽しんで,ヒット,動物,偏差,叔父,文言,ノート,尿,彼女,器官,タワー,近代化する
キャビン,インチ,主婦,同行,サンプル,追放する,狐,暖かい,試してみる,叔父,フレーム,感謝する,あった,プラスチック,コピー,行進,偏差,特徴,ジャーナル,ログ,シェービング,午前,持ってる,助けて,リニア,改善,ヒール,ヒット,障害,感謝する
装置,催眠術,移動,クルー,本質的な,タワー,は,ささやき,敵,式,ソース,器官,バナー,移動,あなた自身,トーン,あった,残る,憲法,評議会,残る,賞賛する,主人,今,装置,サワー,コミュニケーション,サワー,合計,月
ない,分割,カラム,月,虐待,スキーム,リフト,サラダ,教授,呼ぶ,奨励します,コーラス,協力,目的,ブランチ,サワー,クロス,狐,中央,衝突,トースト,擁する,パン,尿,大統領,敵,葉,教会,コミュニケーション,あなた自身
学生,パイオニア,ブランチ,文言,創傷,犯罪者,証言する,午前,インチ,移動,意図,催眠術,暖かい,参加する,拡張,バスケット,キャビネット,残る,コーナー,パーセント,賞賛する,販売,トーン,スキーム,軸,品質,君は,ボトル,本質的な,ベルベット
埋め込む,持ってる,クール,同行,助けて,発生する,あった,パーセント,指名,ない,同行,バーゲン,バーゲン,怒り,腐った,狐,デッド,ダッシュ,コピー,スペル,バーゲン,電話,狭い,ブランチ,バケツ,擁する,器官,バス,呼ぶ,ブランチ
ログ,彼,野球,自体,保証金,ピック,尊敬する,追放する,今日,溝,クール,大統領,販売,目的,移動,ホイール,見落とす,敵,メニュー,血まみれの,仕上げ,野球,数字,革新,明らかにする,ダッシュ,部隊,ストレージ,転倒,呼ぶ
午前,障害,それ,キャビネット,建築,保証金,ヒール,リハビリ,バケツ,学生,必要,柔らかい,緩む,風景,ささやき,式,オークション,倫理,じぶんの,スマッシュ,暖かい,移動,トーン,ヘア,ベルベット,トースト,障害,キャビネット,敵,フェミニスト
ヒール,日曜日,拡張,副,血まみれの,行進,装置,溝,式,人形,電池,今,電池,主人,狐,花嫁,ストレージ,残る,戦略的,あなた自身,衝突,奨励します,私,管理する,革新,細かい,ダニ,ヒール,ホイール,キャビネット
タワー,合計,クロス,通行料金,トーン,索引,ささやき,電話,軸,日曜日,立派な,柔らかい,通行料金,高い,ボトル,コーラス,出演者,符号,ログ,擁する,画面,バケツ,トレーナー,溝,埋め込む,探査,コンペ,持っていました,擁する,バケツ
リンク,コーナー,デッド,デフォルト,参加する,彼,残る,感謝する,ダッシュ,助けて,尊敬する,欠乏,敵,ない,ブランチ,持つ,リンク,サワー,主婦,カラム,コミュニケーション,パイオニア,織る,倫理,彼女,鉱山,感謝する,ダニ,指名,建築
今日,反射,中世,ジャーナル,ノート,オークション,意図,差別する,狭い,チーズ,ソース,スペル,ジャム,ピック,バス,建築,運,厳しい,敵対的な,証言する,ストレージ,トス,バナー,教会,フェミニスト,日曜日,テント,教会,販売,フェミニスト
持つ,〜,中央,メニュー,奨励します,運,改善,デフォルト,不自然な,画面,〜,狭い,ボトル,陶器,ジャーナル,コンペ,リハビリ,電池,屋根裏,スキーム,軸,品質,改善,人形,数字,ボトル,ヒット,拡張,織る,タワー
癌,コピー,メニュー,トーン,中央,狭い,リハビリ,発生する,動物,スキーム,残る,シュガー,メニュー,差別する,虐待,ベルベット,数字,文言,明らかにする,仕上げ,厳しい,不自然な,助けて,バナー,あなた自身,索引,部隊,サラダ,〜,移動
高い,トースト,舗装,助けて,ホイール,意図,サワー,トレーナー,アクセルペダル,血まみれの,見落とす,ベルベット,プラスチック,賞賛する,拡張,ダッシュ,同行,日曜日,は,バナー,見落とす,主人,ダッシュ,コミュニケーション,リンク,癌,ログ,電池,コミュニケーション,欠乏
緩む,発生する,細かい,発生する,舗装,埋め込む,ボトル,柔らかい,バナー,テント,トースト,軸,改善,クール,尊敬する,あなた自身,参加する,ささやき,分割,合計,供給,感謝する,ブランチ,花嫁,敵対的な,保証金,試してみる,保証金,仕上げ,シェービング
出演者,ダッシュ,パン,トーン,ヒール,虐待,部隊,建築,憲法,ない,サンプル,舗装,バーゲン,鉱山,ジャーナル,ヘア,高い,タワー,シュガー,販売,明らかにする,埋め込む,奨励します,参加する,特徴,見落とす,行進,探査,風景,怒り
賞賛する,極端な,錯覚,協力,呼ぶ,合計,スキーム,ブラケット,不自然な,教授,コピー,虐待,副,あった,カラム,柔らかい,ベルベット,〜,感謝する,彼女,錯覚,ピック,花嫁,意図,転倒,ヘア,血まみれの,パン,クルー,マリン
知覚,装置,舗装,メニュー,探査,供給,コンペ,戦略的,オークション,呼ぶ,犯罪者,トリビュート,バス,ささやき,本質的な,必要,ささやき,部隊,じぶんの,持つ,チーズ,バーゲン,品質,カレッジ,花嫁,ピック,本質的な,バスケット,見出し,マリン
クール,テント,ストレージ,じぶんの,賞賛する,明らかにする,証言する,柔らかい,近代化する,インチ,追放する,転倒,ハンマー,ピック,見落とす,タワー,教授,ダイヤモンド,スマッシュ,欠乏,楽しんで,パン,敵,パイオニア,陶器,ピック,デフォルト,軸,舗装,ヒール
持ってる,錯覚,ブレーキ,花嫁,インチ,部隊,スペル,ボトル,細かい,移動,部隊,彼女,緩む,テント,暖かい,サンプル,叔父,怒り,発生する,キャビネット,午前,転倒,探査,フェミニスト,メニュー,動物,細かい,犯罪者,日曜日,狭い
シュガー,コピー,クロス,クール,シェービング,狭い,バス,叔父,腐った,管理する,索引,中央,フェミニスト,コピー,連続,障害,ジャム,建築,デッド,ハードウェア,葉,フレーム,クロス,暖かい,敵対的な,トリビュート,リンク,意図,ニュース,普通の
キャビン,カラム,分割,花嫁,移動,探査,憲法,コピー,スペル,見出し,緩む,マリン,助けて,今,トリビュート,雪,立派な,フレーム,錯覚,ハンマー,衝突,近代化する,パーセント,それ,近代化する,プラスチック,敵,野球,意図,合計
ダニ,隠す,電池,倫理,織る,デッド,電話,私,管理する,楽しんで,パーセント,電池,極端な,ジャーナル,職人,テント,スマッシュ,明らかにする,不自然な,保証金,アクセルペダル,ヒール,電話,ジャム,今日,通行料金,あなた自身,拡張,コミュニケーション,倫理
供給,血まみれの,スペル,供給,キャビネット,コンペ,協力,不自然な,キャビン,敵対的な,知覚,尿,戦略的,擁する,教授,カレッジ,風景,サラダ,野球,革新,楽しんで,近代化する,プラスチック,ジャム,革新,コミュニティ,電池,協力,管理する,見出し
ブラケット,テント,保証金,装置,楽しんで,運,必要,差別する,リニア,ない,見出し,中央,文言,コミュニケーション,トリビュート,コミュニティ,器官,残る,持ってる,同行,保持する,差別する,屋根裏,参加する,ヘア,管理する,創傷,移動,合計,ない
コピー,部隊,犯罪者,キャビネット,サワー,転倒,クルー,憲法,敵,狭い,錯覚,パーセント,電池,カラム,呼ぶ,探査,ない,クルー,人形,コーナー,ログ,証言する,バーゲン,花嫁,バナー,は,敵,不自然な,クール,厳しい
隠す,ニュース,建築,ヘア,今,オークション,中世,ノート,パイオニア,緩む,マリン,持ってる,憲法,狭い,式,ヘア,創傷,溝,ヒール,テント,カラム,トースト,オークション,デッド,バスケット,月,舗装,連続,ダッシュ,ブラケット
障害,ログ,隠す,は,倫理,通行料金,行進,省略,クルー,君は,ログ,電池,プラスチック,叔父,は,評議会,呼ぶ,本質的な,尊敬する,評議会,血まみれの,反射,君は,残る,ヒール,助けて,指名,ささやき,あった,ベルベット
拡張,必要,編組,敵,脊椎,チーズ,評議会,血まみれの,管理する,キャビネット,ホイール,虐待,カレッジ,編組,狐,は,インチ,供給,賞賛する,ダッシュ,風景,教会,転倒,彼,職人,ヒール,知覚,〜,埋め込む,尿
職人,省略,タワー,中世,奨励します,状況,彼,細かい,日曜日,反射,拡張,通行料金,ヘア,編組,出演者,楽しんで,怒り,画面,管理する,細かい,行進,中世,〜,クルー,符号,試してみる,保証金,私,楽しんで,バケツ
ベルベット,月,出演者,細かい,装置,行進,探査,トリビュート,ささやき,証言する,ヒット,副,障害,ダイヤモンド,カレッジ,じぶんの,ない,連続,ダイヤモンド,ブラケット,トレーナー,インチ,舗装,スキーム,犯罪者,奨励します,ブレーキ,風景,中世,腐った
雪,ジャーナル,行進,クルー,符号,ブランチ,柔らかい,怒り,管理する,移動,協力,トースト,本質的な,血まみれの,コピー,管理する,持つ,月,風景,君は,差別する,自体,陶器,コミュニティ,サワー,極端な,狭い,通行料金,私,本質的な
ブラケット,午前,建築,ささやき,副,デッド,細かい,ブラケット,野球,メニュー,トレーナー,電池,近代化する,画面,持っていました,パン,尊敬する,ささやき,ヒール,柔らかい,パーセント,拡張,試してみる,仕上げ,午前,トリビュート,それ,省略,販売,試してみる
ブレーキ,証言する,賞賛する,ハンマー,供給,電話,目的,パーセント,移動,パーセント,バーゲン,隠す,偏差,コンペ,特徴,教授,トリビュート,高い,高い,行進,奨励します,仕上げ,教会,残る,ダイヤモンド,符号,革新,職人,創傷,特徴
編組,トス,持っていました,索引,協力,それ,知覚,パン,器官,スペル,仕上げ,運,通行料金,感謝する,必要,ソース,コンペ,保証金,評議会,特徴,ノート,織る,トリビュート,大統領,残る,索引,行進,ヒール,中世,倫理
タワー,数字,コンペ,運,偏差,癌,賞賛する,ジャーナル,ブランチ,アクセルペダル,近代化する,ヒット,舗装,明らかにする,合計,ソース,再現する,屋根裏,コンペ,式,持っていました,シェービング,柔らかい,埋め込む,教会,動物,部隊,トースト,インチ,癌
あなた自身,助けて,参加する,ブラケット,管理する,ブランチ,証言する,狭い,ストレージ,キャビネット,知覚,革新,花嫁,君は,埋め込む,シュガー,クロス,ダイヤモンド,怒り,感謝する,キャビン,協力,ヒット,パーセント,それ,メニュー,電池,供給,ジャーナル,コミュニケーション
トス,建築,創傷,埋め込む,意図,サンプル,サラダ,合計,君は,日曜日,ホイール,コピー,販売,近代化する,隠す,屋根裏,ない,軸,オークション,コピー,ピック,キャビン,中央,月,数字,尊敬する,管理する,葉,仕上げ,トリビュート
持っていました,自体,ブラケット,アクセルペダル,葉,チーズ,溝,自体,呼ぶ,狭い,人形,保証金,ダニ,コーナー,保持する,葉,タワー,厳しい,職人,デッド,創傷,叔父,それ,私,腐った,通行料金,サラダ,状況,狐,狐
リニア,賞賛する,ボトル,創傷,拡張,トス,プラスチック,ヘア,普通の,風景,管理する,拡張,スペル,普通の,パイオニア,見出し,運,楽しんで,明らかにする,屋根裏,ニュース,クール,器官,彼女,主婦,ハードウェア,キャビネット,同行,通行料金,ホイール
ジャム,ハードウェア,バケツ,管理する,ジャム,パイオニア,電話,柔らかい,敵対的な,目的,見出し,君は,それ,符号,ピック,織る,デフォルト,ノート,バスケット,サンプル,革新,ジャム,販売,虐待,必要,創傷,敵対的な,狐,トースト,再現する
ハンマー,彼,管理する,陶器,キャビネット,通行料金,同行,意図,式,リフト,厳しい,革新,中世,意図,擁する,脊椎,錯覚,探査,ソース,サワー,ジャーナル,野球,ブレーキ,カラム,スマッシュ,意図,ソース,知覚,敵対的な,賞賛する
電話,パン,学生,パイオニア,学生,見出し,奨励します,符号,テント,倫理,極端な,ジャーナル,シェービング,クルー,運,緩む,あなた自身,ノート,連続,建築,風景,スマッシュ,拡張,不自然な,残る,コミュニケーション,発生する,埋め込む,バーゲン,野球
ストレージ,特徴,賞賛する,チーズ,電話,フレーム,部隊,目的,行進,再現する,擁する,符号,オークション,反射,陶器,癌,探査,ブランチ,反射,証言する,供給,運,指名,ヘア,評議会,参加する,あなた自身,スマッシュ,大統領,フェミニスト
今,意図,出演者,彼,高い,運,コミュニティ,ダッシュ,電話,教授,ハードウェア,暖かい,分割,差別する,隠す,彼,カラム,不自然な,狐,副,電話,ログ,参加する,キャビネット,符号,高い,証言する,狭い,サラダ,クロス
隠す,カラム,衝突,血まみれの,連続,立派な,プラスチック,私,タワー,ベルベット,装置,狐,トレーナー,フェミニスト,私,コンペ,尿,知覚,トリビュート,ログ,陶器,午前,彼女,彼,犯罪者,管理する,不自然な,証言する,月,暖かい
ジャーナル,リンク,戦略的,敵対的な,ブランチ,器官,サラダ,副,クルー,学生,バーゲン,ブラケット,呼ぶ,チーズ,極端な,再現する,チーズ,陶器,反射,柔らかい,本質的な,ささやき,溝,極端な,持つ,中世,軸,品質,差別する,証言する
コピー,屋根裏,バスケット,発生する,文言,明らかにする,尊敬する,持ってる,ハードウェア,主婦,評議会,は,君は,隠す,分割,奨励します,日曜日,品質,数字,戦略的,リフト,虐待,動物,屋根裏,尊敬する,極端な,革新,ジャム,スペル,ダッシュ
ソース,テント,マリン,見出し,パイオニア,ホイール,電池,狐,タワー,カラム,証言する,式,催眠術,屋根裏,職人,保持する,狐,マリン,催眠術,マリン,トースト,出演者,チーズ,画面,ブレーキ,索引,じぶんの,ヒール,ニュース,トーン
ベルベット,シェービング,明らかにする,トレーナー,日曜日,花嫁,舗装,パーセント,トーン,見出し,擁する,ヘア,追放する,コピー,は,楽しんで,改善,パーセント,ダッシュ,ピック,評議会,電池,舗装,ホイール,サワー,怒り,大統領,ヒット,細かい,花嫁
癌,憲法,テント,マリン,ノート,クルー,は,怒り,ソース,証言する,午前,日曜日,本質的な,保持する,リンク,コミュニケーション,バナー,中世,カレッジ,発生する,供給,デフォルト,副,ニュース,憲法,スペル,持つ,助けて,催眠術,知覚
キャビン,プラスチック,ノート,狭い,参加する,分割,状況,拡張,クルー,柔らかい,人形,意図,それ,クロス,バナー,本質的な,コーラス,パーセント,バナー,マリン,助けて,虐待,器官,パイオニア,管理する,あった,柔らかい,戦略的,欠乏,〜
文言,サラダ,トースト,デフォルト,月,分割,コーラス,供給,ジャム,風景,テント,ジャム,差別する,副,仕上げ,普通の,装置,怒り,敵,ピック,花嫁,ログ,それ,チーズ,参加する,持っていました,教授,行進,ニュース,保持する
憲法,パン,今日,評議会,拡張,創傷,追放する,分割,探査,教授,創傷,近代化する,差別する,タワー,動物,試してみる,トレーナー,デッド,省略,じぶんの,数字,午前,舗装,シェービング,学生,コンペ,協力,ヒール,指名,発生する
ジャム,差別する,ログ,協力,コピー,評議会,コンペ,君は,スキーム,探査,衝突,織る,販売,コーラス,発生する,カラム,コーラス,知覚,ソース,鉱山,管理する,転倒,ダニ,バスケット,あなた自身,高い,本質的な,ヒール,カラム,動物
建築,腐った,陶器,持つ,彼,同行,柔らかい,怒り,評議会,トス,供給,柔らかい,賞賛する,差別する,犯罪者,タワー,月,明らかにする,パイオニア,数字,バナー,トリビュート,彼女,指名,偏差,憲法,追放する,バナー,タワー,ブラケット
追放する,高い,感謝する,特徴,あった,スマッシュ,クルー,電話,ヒール,あった,指名,フェミニスト,学生,ヘア,創傷,彼女,障害,あった,学生,シュガー,狭い,ヒット,オークション,画面,見落とす,指名,障害,サラダ,厳しい,連続
教会,トス,カレッジ,主人,探査,トリビュート,持ってる,バス,高い,日曜日,催眠術,コーナー,再現する,革新,追放する,溝,必要,月,デッド,君は,通行料金,文言,タワー,細かい,品質,花嫁,シェービング,血まみれの,創傷,オークション
数字,敵対的な,不自然な,デッド,シュガー,ピック,脊椎,ハンマー,見落とす,ダッシュ,ブレーキ,再現する,アクセルペダル,保持する,改善,プラスチック,建築,フェミニスト,保証金,フェミニスト,ニュース,彼女,本質的な,錯覚,クルー,今,ボトル,狐,リニア,保持する
細かい,倫理,ない,私,怒り,〜,ダニ,ブレーキ,文言,通行料金,コンペ,あった,近代化する,建築,花嫁,あった,プラスチック,革新,意図,ボトル,月,倫理,クロス,目的,戦略的,参加する,ブラケット,欠乏,倫理,スマッシュ
〜,スキーム,風景,人形,リフト,埋め込む,パーセント,差別する,クロス,鉱山,倫理,主人,雪,文言,敵対的な,知覚,腐った,人形,緩む,文言,錯覚,中世,リフト,コミュニティ,軸,雪,目的,プラスチック,尊敬する,プラスチック
パイオニア,犯罪者,欠乏,賞賛する,式,リハビリ,教授,サラダ,符号,楽しんで,人形,建築,緩む,主人,フェミニスト,ヒール,メニュー,感謝する,サラダ,転倒,明らかにする,発生する,衝突,文言,憲法,革新,ベルベット,倫理,癌,中世
キャビネット,教会,スマッシュ,追放する,アクセルペダル,画面,リフト,擁する,普通の,スマッシュ,メニュー,埋め込む,雪,コンペ,錯覚,擁する,ブランチ,ボトル,チーズ,クロス,中世,プラスチック,奨励します,ボトル,フレーム,ブランチ,バナー,脊椎,管理する,ログ
リンク,ヒール,索引,錯覚,自体,追放する,トースト,月,溝,参加する,バスケット,教授,見出し,障害,コンペ,意図,デッド,ベルベット,品質,省略,溝,ボトル,動物,見落とす,サワー,尊敬する,索引,午前,今日,リンク
虐待,改善,符号,運,花嫁,衝突,は,反射,ヒール,サワー,叔父,デフォルト,トースト,学生,販売,癌,ダッシュ,バスケット,差別する,倫理,数字,バケツ,催眠術,スマッシュ,溝,自体,擁する,不自然な,建築,分割
差別する,分割,催眠術,中世,評議会,尊敬する,腐った,サワー,証言する,特徴,舗装,リハビリ,狐,怒り,溝,ブラケット,自体,トースト,午前,符号,ピック,虐待,〜,リンク,教会,舗装,装置,ソース,式,あなた自身
改善,同行,販売,野球,ジャーナル,助けて,ブラケット,行進,索引,アクセルペダル,意図,中央,ダイヤモンド,フレーム,サラダ,ジャム,動物,副,管理する,怒り,マリン,厳しい,障害,癌,動物,コミュニティ,助けて,彼女,立派な,創傷
フレーム,評議会,今日,バケツ,サンプル,ない,大統領,アクセルペダル,キャビネット,クルー,高い,パーセント,革新,プラスチック,助けて,リンク,ブランチ,人形,必要,中央,参加する,器官,あった,メニュー,販売,タワー,部隊,衝突,タワー,デッド
探査,キャビン,デッド,通行料金,シェービング,癌,協力,狭い,カラム,大統領,ニュース,ログ,ない,厳しい,細かい,リフト,ハードウェア,バーゲン,評議会,パーセント,叔父,転倒,尿,クール,細かい,文言,ヒール,〜,葉,目的
トースト,欠乏,コミュニケーション,ダイヤモンド,不自然な,催眠術,楽しんで,午前,協力,合計,証言する,ホイール,自体,アクセルペダル,ささやき,リンク,タワー,動物,虐待,教会,反射,品質,試してみる,普通の,フレーム,分割,追放する,脊椎,それ,数字
近代化する,移動,拡張,プラスチック,索引,創傷,擁する,高い,障害,ニュース,大統領,感謝する,ブランチ,建築,厳しい,厳しい,賞賛する,中世,柔らかい,ストレージ,差別する,錯覚,葉,バーゲン,キャビン,メニュー,意図,ダイヤモンド,ピック,クルー
風景,サンプル,戦略的,オークション,倫理,ブラケット,彼,衝突,リニア,知覚,ヒール,サラダ,尊敬する,狐,明らかにする,叔父,擁する,数字,スペル,試してみる,参加する,ノート,メニュー,索引,ノート,日曜日,保証金,同行,鉱山,中央
極端な,屋根裏,君は,カラム,主人,偏差,クロス,クルー,テント,スキーム,倫理,細かい,テント,明らかにする,サンプル,持ってる,パン,極端な,目的,タワー,特徴,感謝する,コーナー,ログ,ボトル,中央,人形,販売,指名,連続
自体,日曜日,反射,トーン,バスケット,コーナー,ブレーキ,供給,スマッシュ,腐った,再現する,ヒール,細かい,ジャーナル,パイオニア,極端な,脊椎,コーラス,符号,職人,葉,目的,メニュー,発生する,ない,擁する,フレーム,文言,暖かい,尿
叔父,サワー,ダニ,教授,それ,合計,サワー,厳しい,分割,トリビュート,脊椎,スペル,追放する,ソース,バスケット,錯覚,発生する,隠す,あった,風景,見出し,クロス,それ,野球,じぶんの,チーズ,符号,キャビネット,血まみれの,あった
メニュー,尿,舗装,鉱山,試してみる,奨励します,持ってる,クロス,器官,カラム,索引,バーゲン,管理する,ヒット,中世,評議会,犯罪者,普通の,彼,憲法,鉱山,ログ,リニア,本質的な,特徴,奨励します,衝突,仕上げ,再現する,クルー
副,陶器,溝,風景,障害,連続,ベルベット,トレーナー,バナー,ヒール,革新,それ,運,追放する,細かい,コンペ,供給,自体,パーセント,コンペ,クロス,尊敬する,サラダ,高い,見落とす,反射,ダニ,ブランチ,電話,尿
サンプル,ログ,ピック,見出し,同行,犯罪者,呼ぶ,埋め込む,欠乏,カラム,今,障害,差別する,尿,織る,本質的な,衝突,バスケット,職人,ヘア,ダニ,リニア,指名,残る,革新,建築,催眠術,君は,腐った,雪
腐った,仕上げ,チーズ,主人,評議会,舗装,状況,緩む,立派な,革新,ジャーナル,彼,省略,奨励します,バナー,ベルベット,供給,バスケット,私,立派な,埋め込む,パーセント,探査,ピック,戦略的,知覚,埋め込む,再現する,陶器,賞賛する
フェミニスト,立派な,狭い,合計,トーン,バーゲン,厳しい,人形,移動,近代化する,品質,マリン,暖かい,ホイール,トースト,符号,狐,ヒール,教会,器官,クール,ノート,ホイール,トースト,副,プラスチック,ピック,画面,倫理,じぶんの
コンペ,持っていました,ハンマー,ハンマー,式,埋め込む,品質,クルー,省略,参加する,建築,叔父,スペル,デフォルト,証言する,トリビュート,ハンマー,埋め込む,フェミニスト,コミュニティ,指名,クール,マリン,中世,パイオニア,コーラス,編組,部隊,行進,移動
アクセルペダル,ダニ,教会,奨励します,革新,錯覚,本質的な,メニュー,コーナー,パイオニア,野球,運,移動,狭い,コミュニケーション,日曜日,電話,狐,バスケット,ピック,編組,スペル,デッド,インチ,楽しんで,電話,中世,癌,敵,チーズ
催眠術,高い,擁する,意図,特徴,サワー,本質的な,合計,埋め込む,チーズ,管理する,柔らかい,賞賛する,狐,ヘア,怒り,怒り,サンプル,ブラケット,ベルベット,テント,プラスチック,賞賛する,副,あった,脊椎,呼ぶ,パーセント,柔らかい,品質
シュガー,擁する,画面,ダッシュ,ダイヤモンド,ノート,プラスチック,狐,探査,メニュー,偏差,スペル,クロス,障害,織る,クール,楽しんで,コミュニケーション,尊敬する,今,ブレーキ,鉱山,キャビネット,状況,参加する,倫理,ピック,月,それ,擁する
カラム,鉱山,持ってる,運,織る,ソース,ハンマー,差別する,建築,立派な,保証金,感謝する,あった,中央,極端な,擁する,尿,再現する,屋根裏,障害,私,脊椎,キャビネット,差別する,彼女,キャビン,移動,教授,腐った,錯覚
普通の,タワー,バケツ,索引,文言,軸,必要,中世,サラダ,反射,擁する,今日,キャビン,コーナー,装置,主婦,分割,錯覚,サワー,ブラケット,トレーナー,証言する,ジャム,式,デフォルト,アクセルペダル,持つ,デッド,擁する,副
意図,コミュニティ,雪,建築,トースト,立派な,シュガー,彼女,楽しんで,怒り,発生する,発生する,コピー,追放する,ブランチ,楽しんで,改善,連続,コンペ,証言する,〜,陶器,クルー,サンプル,反射,軸,怒り,チーズ,保持する,タワー
学生,今,戦略的,憲法,自体,ブランチ,奨励します,コピー,コーナー,運,緩む,差別する,細かい,フェミニスト,中世,数字,転倒,ダニ,特徴,屋根裏,トス,品質,動物,フレーム,あった,ヒール,電池,は,今,雪
コピー,助けて,部隊,探査,電話,通行料金,コミュニティ,行進,スペル,隠す,指名,ソース,デフォルト,擁する,メニュー,マリン,探査,は,バス,雪,式,催眠術,リニア,今日,コンペ,キャビン,ヒール,コンペ,保証金,リフト
奨励します,感謝する,シュガー,意図,雪,サラダ,偏差,錯覚,副,パイオニア,クロス,隠す,分割,花嫁,暖かい,供給,埋め込む,ソース,助けて,あなた自身,見落とす,出演者,織る,ブランチ,普通の,敵,明らかにする,中央,雪,障害
怒り,奨励します,ヒール,極端な,式,倫理,キャビン,ボトル,花嫁,戦略的,拡張,呼ぶ,通行料金,ジャム,コーラス,障害,ジャーナル,器官,午前,サンプル,指名,ヒール,サラダ,同行,評議会,バナー,文言,ダイヤモンド,品質,クール
教会,〜,省略,クルー,トリビュート,反射,通行料金,ヘア,特徴,通行料金,障害,プラスチック,目的,は,不自然な,擁する,職人,不自然な,虐待,サワー,建築,彼,発生する,鉱山,花嫁,隠す,残る,奨励します,ニュース,再現する
舗装,符号,電話,ログ,花嫁,カレッジ,持ってる,厳しい,敵対的な,コーラス,革新,野球,ノート,パーセント,厳しい,ハンマー,プラスチック,発生する,尊敬する,戦略的,コピー,不自然な,月,大統領,バケツ,評議会,スキーム,出演者,ささやき,器官
血まみれの,大統領,出演者,協力,中央,画面,ノート,ピック,怒り,あなた自身,〜,持ってる,サラダ,自体,パン,ささやき,キャビン,助けて,野球,高い,私,陶器,陶器,メニュー,状況,怒り,極端な,評議会,溝,風景
オークション,建築,バナー,奨励します,バーゲン,催眠術,仕上げ,テント,鉱山,クール,立派な,あった,埋め込む,教授,試してみる,追放する,見落とす,障害,ブレーキ,反射,拡張,ストレージ,トレーナー,オークション,コーラス,革新,符号,立派な,今,電話
狐,残る,電話,マリン,花嫁,ダイヤモンド,器官,彼,メニュー,犯罪者,立派な,参加する,尿,賞賛する,ヘア,ブランチ,近代化する,差別する,バス,脊椎,柔らかい,戦略的,タワー,コミュニティ,ダニ,ハードウェア,持っていました,ない,プラスチック,メニュー
コーラス,衝突,コピー,供給,参加する,フレーム,緩む,特徴,緩む,拡張,溝,カラム,トリビュート,ベルベット,奨励します,主人,テント,インチ,トリビュート,リニア,ブランチ,装置,屋根裏,持つ,評議会,仕上げ,偏差,バス,葉,バスケット
ログ,衝突,君は,キャビン,スキーム,ホイール,索引,教会,バスケット,ダッシュ,数字,発生する,舗装,人形,衝突,持ってる,厳しい,行進,擁する,フェミニスト,学生,編組,チーズ,緩む,尿,擁する,見出し,怒り,教授,ホイール
ソース,敵,数字,呼ぶ,狭い,文言,特徴,ヘア,〜,ダニ,屋根裏,花嫁,索引,アクセルペダル,〜,チーズ,午前,パン,建築,主人,参加する,クルー,サワー,見出し,中央,ピック,索引,スペル,溝,賞賛する
コミュニケーション,それ,評議会,販売,品質,電池,君は,舗装,拡張,脊椎,器官,コミュニティ,助けて,創傷,パーセント,サンプル,今,サワー,野球,楽しんで,感謝する,追放する,尿,メニュー,腐った,日曜日,腐った,インチ,カレッジ,持っていました
擁する,ない,差別する,省略,ヒット,〜,見出し,不自然な,創傷,月,トーン,テント,参加する,保持する,改善,ヒット,ピック,花嫁,陶器,分割,リハビリ,憲法,ソース,叔父,立派な,主人,戦略的,デフォルト,トースト,細かい
明らかにする,カレッジ,風景,倫理,目的,コーラス,主人,溝,教会,狭い,キャビネット,動物,再現する,犯罪者,発生する,サラダ,虐待,錯覚,タワー,尊敬する,電池,数字,仕上げ,戦略的,ハードウェア,埋め込む,デフォルト,ベルベット,叔父,出演者
試してみる,試してみる,中央,販売,ニュース,腐った,ブレーキ,明らかにする,月,狐,癌,ブレーキ,副,品質,コンペ,中央,コピー,見出し,知覚,運,再現する,建築,協力,状況,カレッジ,中央,厳しい,ピック,メニュー,見落とす
同行,建築,虐待,運,運,腐った,行進,助けて,今日,敵対的な,保持する,カラム,賞賛する,癌,省略,文言,近代化する,葉,は,探査,トリビュート,チーズ,溝,癌,中央,じぶんの,敵対的な,賞賛する,ダニ,風景
君は,パン,コピー,建築,パーセント,タワー,狭い,持っていました,トス,錯覚,中央,風景,テント,それ,クロス,戦略的,文言,電話,叔父,クルー,部隊,パイオニア,デッド,賞賛する,奨励します,ホイール,アクセルペダル,ヘア,あなた自身,パン
中世,リンク,数字,意図,屋根裏,パーセント,緩む,錯覚,緩む,リフト,屋根裏,彼女,ヘア,バナー,見出し,雪,学生,バケツ,大統領,織る,花嫁,憲法,狐,教授,電話,スキーム,仕上げ,楽しんで,建築,楽しんで
リハビリ,障害,カレッジ,連続,賞賛する,証言する,残る,擁する,コミュニティ,探査,文言,奨励します,フレーム,運,主婦,ソース,埋め込む,中世,持つ,中世,革新,フェミニスト,行進,教会,暖かい,発生する,部隊,必要,隠す,ダニ
改善,マリン,彼,奨励します,クール,憲法,ピック,あなた自身,近代化する,野球,厳しい,販売,ヒール,彼,改善,ボトル,尊敬する,デッド,明らかにする,カレッジ,コミュニケーション,〜,テント,仕上げ,錯覚,意図,助けて,ハンマー,発生する,タワー
スペル,移動,柔らかい,怒り,拡張,評議会,サワー,保証金,運,ヘア,ベルベット,パイオニア,ニュース,賞賛する,ダッシュ,狐,立派な,中央,コミュニティ,織る,葉,風景,錯覚,クール,教授,擁する,動物,軸,必要,装置
スペル,ヒール,持ってる,ダニ,極端な,コーナー,ハンマー,改善,衝突,器官,溝,運,トス,バーゲン,明らかにする,クルー,緩む,敵対的な,カラム,野球,ブランチ,敵対的な,ダニ,保証金,差別する,ダニ,本質的な,ストレージ,近代化する,再現する
ブランチ,ソース,織る,合計,日曜日,リハビリ,柔らかい,溝,持っていました,〜,再現する,カレッジ,状況,ダイヤモンド,フェミニスト,動物,保証金,錯覚,君は,アクセルペダル,コミュニケーション,追放する,プラスチック,省略,シェービング,分割,建築,犯罪者,感謝する,トス
ホイール,試してみる,コピー,タワー,持つ,協力,バケツ,ダッシュ,デッド,デッド,編組,コーラス,叔父,販売,キャビネット,シュガー,ダイヤモンド,再現する,ベルベット,倫理,敵対的な,パン,マリン,ダニ,緩む,ブラケット,今日,メニュー,テント,移動
符号,シュガー,午前,省略,学生,プラスチック,移動,癌,脊椎,職人,知覚,中央,隠す,拡張,サラダ,バーゲン,持ってる,ホイール,管理する,カレッジ,タワー,コミュニケーション,ヒット,シュガー,意図,ホイール,フェミニスト,転倒,ノート,じぶんの
人形,ソース,ボトル,トーン,革新,デフォルト,職人,プラスチック,犯罪者,フェミニスト,反射,プラスチック,バナー,シェービング,省略,アクセルペダル,自体,リニア,サラダ,同行,創傷,は,欠乏,本質的な,革新,ストレージ,それ,探査,狭い,装置
脊椎,リフト,持っていました,助けて,高い,マリン,中央,は,彼,合計,障害,コミュニティ,協力,バス,腐った,仕上げ,ダッシュ,コピー,雪,教会,ささやき,画面,ベルベット,ヘア,動物,バスケット,テント,販売,動物,意図
屋根裏,スキーム,参加する,高い,知覚,バーゲン,立派な,クルー,証言する,目的,バケツ,トス,ブランチ,主人,怒り,狐,カレッジ,合計,不自然な,装置,それ,狭い,テント,ダイヤモンド,キャビネット,合計,鉱山,管理する,器官,中世
犯罪者,軸,サラダ,仕上げ,中世,ボトル,職人,月,試してみる,尿,コーナー,リフト,自体,ダニ,コンペ,販売,部隊,狐,ダイヤモンド,主婦,楽しんで,状況,連続,保証金,パン,リニア,出演者,トス,ブラケット,カレッジ
私,虐待,コンペ,柔らかい,狐,本質的な,インチ,普通の,試してみる,ブレーキ,テント,トーン,ジャーナル,シュガー,数字,狐,教会,今,今日,サワー,リンク,狐,リニア,プラスチック,分割,血まみれの,腐った,花嫁,バケツ,ジャーナル
コミュニケーション,職人,主人,ハンマー,教授,コピー,器官,野球,保持する,持ってる,残る,販売,野球,トレーナー,尿,パン,ボトル,反射,自体,ログ,特徴,催眠術,差別する,ダイヤモンド,血まみれの,ない,必要,パーセント,ハンマー,私
コピー,バーゲン,スキーム,人形,保証金,マリン,バナー,索引,ニュース,暖かい,協力,符号,コピー,普通の,知覚,今日,癌,同行,シェービング,催眠術,トス,持ってる,それ,器官,緩む,編組,犯罪者,狐,シュガー,じぶんの
拡張,供給,ささやき,鉱山,楽しんで,野球,ピック,ピック,近代化する,フレーム,不自然な,ストレージ,自体,仕上げ,敵対的な,インチ,編組,中世,ジャム,証言する,創傷,連続,軸,創傷,トス,バス,鉱山,索引,リンク,ソース
リンク,シュガー,緩む,ブランチ,ダイヤモンド,癌,電池,持ってる,特徴,障害,コミュニティ,尊敬する,通行料金,虐待,ログ,参加する,テント,バケツ,知覚,催眠術,数字,持ってる,見落とす,私,デッド,パイオニア,参加する,癌,トリビュート,トレーナー
衝突,サラダ,合計,緩む,クール,〜,怒り,ハードウェア,編組,出演者,暖かい,呼ぶ,知覚,織る,ない,クール,犯罪者,柔らかい,戦略的,コーラス,ベルベット,鉱山,呼ぶ,文言,明らかにする,織る,学生,普通の,コーナー,リフト
主婦,分割,行進,管理する,参加する,擁する,器官,立派な,創傷,合計,持ってる,今,意図,虐待,あった,ブランチ,腐った,プラスチック,創傷,明らかにする,クール,符号,ジャム,シェービング,鉱山,月,ストレージ,参加する,ジャム,プラスチック
バナー,行進,電池,催眠術,改善,中央,合計,装置,転倒,暖かい,月,狭い,欠乏,ジャム,葉,花嫁,協力,協力,トレーナー,装置,主婦,ボトル,スキーム,癌,持ってる,奨励します,立派な,虐待,バケツ,カラム
パーセント,同行,ジャーナル,チーズ,トレーナー,評議会,立派な,錯覚,バーゲン,クロス,陶器,オークション,埋め込む,憲法,再現する,ボトル,装置,トス,ノート,ダイヤモンド,分割,自体,ソース,残る,トレーナー,文言,ダイヤモンド,感謝する,トレーナー,雪
バケツ,ベルベット,建築,葉,コーラス,ジャム,彼女,画面,午前,スマッシュ,装置,ジャーナル,トス,カラム,ヘア,サンプル,スマッシュ,文言,連続,犯罪者,舗装,連続,大統領,は,それ,供給,プラスチック,転倒,行進,パイオニア
トリビュート,ダイヤモンド,リニア,デッド,デッド,トースト,コーナー,ヒット,オークション,転倒,人形,省略,ログ,軸,テント,彼女,トーン,革新,あなた自身,コーラス,サワー,怒り,賞賛する,ストレージ,デフォルト,ジャム,叔父,彼,創傷,今
コミュニケーション,柔らかい,意図,リフト,コピー,叔父,彼,欠乏,知覚,保証金,見出し,保証金,偏差,癌,転倒,バナー,腐った,ログ,今,必要,尊敬する,持ってる,ブランチ,バスケット,ピック,教会,電池,ホイール,敵,憲法
敵対的な,タワー,持つ,見出し,障害,助けて,バナー,メニュー,コーラス,コミュニティ,柔らかい,フェミニスト,中央,リンク,パン,バスケット,トス,行進,奨励します,部隊,彼女,クロス,フェミニスト,クルー,リハビリ,タワー,見出し,ない,細かい,通行料金
コンペ,チーズ,ボトル,主人,クルー,建築,コミュニティ,それ,コンペ,差別する,今日,チーズ,中央,本質的な,符号,怒り,ホイール,アクセルペダル,陶器,彼,ブレーキ,あった,敵,ない,スペル,トリビュート,中央,じぶんの,追放する,部隊
差別する,緩む,部隊,欠乏,パイオニア,トーン,品質,あった,高い,人形,数字,持っていました,コピー,持つ,保証金,創傷,ボトル,ボトル,ヒール,コミュニティ,立派な,連続,副,部隊,ダッシュ,スキーム,尊敬する,コミュニケーション,分割,ダッシュ
彼女,月,は,ストレージ,メニュー,保証金,コンペ,舗装,細かい,保証金,販売,隠す,インチ,持ってる,本質的な,コミュニティ,同行,ブラケット,意図,文言,省略,分割,トレーナー,高い,高い,参加する,埋め込む,コミュニティ,職人,持ってる
デッド,リニア,ダイヤモンド,必要,君は,試してみる,狭い,再現する,スキーム,学生,転倒,数字,虐待,尊敬する,コンペ,ヒール,連続,リフト,評議会,シェービング,スペル,自体,サラダ,〜,改善,ログ,隠す,カラム,隠す,埋め込む
インチ,擁する,パン,ハンマー,シュガー,評議会,細かい,編組,狭い,通行料金,状況,キャビネット,合計,状況,倫理,バーゲン,葉,敵,犯罪者,バナー,隠す,デッド,奨励します,転倒,索引,彼,溝,溝,ヘア,楽しんで
リンク,持っていました,柔らかい,アクセルペダル,中世,ダニ,埋め込む,式,バーゲン,緩む,特徴,普通の,じぶんの,教会,編組,仕上げ,フレーム,クール,屋根裏,合計,本質的な,リニア,ホイール,パーセント,コーラス,暖かい,コミュニケーション,インチ,評議会,犯罪者
画面,狐,風景,フレーム,サンプル,品質,中世,バーゲン,転倒,部隊,連続,チーズ,クロス,雪,教授,軸,学生,トリビュート,コーラス,錯覚,ボトル,拡張,ヒール,屋根裏,持ってる,ノート,衝突,明らかにする,知覚,倫理
本質的な,コミュニケーション,本質的な,中央,メニュー,改善,指名,状況,怒り,カラム,シェービング,犯罪者,彼女,合計,試してみる,今,創傷,建築,バス,極端な,月,サワー,助けて,リニア,ささやき,トリビュート,器官,リハビリ,敵,腐った
サンプル,参加する,細かい,再現する,奨励します,持ってる,助けて,錯覚,目的,管理する,プラスチック,拡張,ブレーキ,持っていました,電話,教授,スペル,教授,今日,ログ,拡張,ソース,見落とす,同行,今日,あった,障害,文言,販売,癌
ニュース,連続,画面,動物,スペル,ダニ,明らかにする,電話,あなた自身,本質的な,虐待,彼,保持する,インチ,脊椎,狭い,叔父,大統領,持つ,出演者,埋め込む,ボトル,指名,ソース,犯罪者,指名,品質,ジャム,オークション,コンペ
葉,ヒット,知覚,持つ,障害,犯罪者,トースト,マリン,省略,参加する,バスケット,デフォルト,彼,犯罪者,意図,コーラス,ヒール,近代化する,ベルベット,雪,出演者,持っていました,大統領,花嫁,今日,楽しんで,行進,ホイール,コーラス,コーラス
脊椎,サワー,サンプル,楽しんで,キャビン,職人,探査,コンペ,再現する,トス,インチ,革新,分割,日曜日,リンク,中央,奨励します,クルー,日曜日,バケツ,犯罪者,ソース,コミュニティ,コンペ,拡張,近代化する,ログ,屋根裏,倫理,保証金
見落とす,ボトル,トースト,拡張,普通の,バス,私,テント,彼女,合計,コンペ,擁する,ストレージ,索引,協力,バスケット,午前,保証金,残る,ダイヤモンド,コミュニティ,デッド,ハンマー,ホイール,クロス,分割,デッド,リハビリ,トリビュート,ノート
今,叔父,持ってる,ニュース,トリビュート,尿,分割,バスケット,電話,コミュニティ,奨励します,仕上げ,転倒,緩む,カラム,符号,感謝する,欠乏,発生する,販売,電池,ストレージ,溝,ブランチ,コンペ,カレッジ,本質的な,器官,溝,あった
インチ,探査,デッド,不自然な,溝,溝,動物,残る,狐,戦略的,ソース,電池,シュガー,立派な,軸,持っていました,パン,軸,カラム,バスケット,シェービング,リンク,反射,ボトル,アクセルペダル,狐,サワー,器官,職人,極端な
証言する,擁する,意図,雪,通行料金,腐った,アクセルペダル,彼女,教会,尊敬する,コミュニケーション,錯覚,学生,織る,犯罪者,主婦,高い,クール,腐った,職人,器官,発生する,バスケット,目的,スキーム,符号,運,指名,差別する,主人
コピー,クルー,コーラス,彼,ログ,インチ,普通の,あなた自身,ボトル,怒り,キャビン,ジャーナル,ハードウェア,サンプル,必要,サンプル,管理する,知覚,ささやき,〜,あった,販売,脊椎,溝,シュガー,タワー,彼女,腐った,コーラス,主人
擁する,転倒,ボトル,コーナー,呼ぶ,サラダ,移動,暖かい,癌,通行料金,大統領,合計,品質,それ,それ,トーン,特徴,部隊,野球,賞賛する,呼ぶ,コピー,クール,大統領,腐った,ログ,ブレーキ,催眠術,呼ぶ,ブレーキ
革新,バスケット,意図,呼ぶ,虐待,野球,倫理,サワー,腐った,擁する,月,中央,狭い,溝,溝,月,保証金,プラスチック,障害,見落とす,細かい,催眠術,指名,シュガー,埋め込む,月,ブランチ,索引,埋め込む,オークション
オークション,サラダ,ノート,指名,クルー,デッド,探査,プラスチック,トーン,クルー,必要,呼ぶ,分割,衝突,不自然な,リンク,コピー,大統領,教会,トレーナー,中央,特徴,目的,キャビン,憲法,日曜日,持つ,奨励します,それ,副
トレーナー,サワー,職人,彼女,転倒,供給,カレッジ,風景,コピー,連続,パン,行進,リフト,再現する,デフォルト,デッド,保持する,職人,器官,シェービング,デフォルト,ブランチ,シェービング,革新,ダッシュ,参加する,コミュニケーション,呼ぶ,知覚,敵
敵,創傷,緩む,品質,柔らかい,必要,脊椎,バナー,錯覚,トースト,尊敬する,サンプル,ベルベット,部隊,叔父,擁する,電池,ジャーナル,通行料金,中世,持つ,人形,意図,持つ,ログ,ヘア,野球,月,参加する,ダイヤモンド
午前,尊敬する,ハードウェア,残る,尊敬する,ダイヤモンド,屋根裏,画面,腐った,彼女,保証金,血まみれの,楽しんで,憲法,中世,教授,織る,バケツ,花嫁,パーセント,細かい,必要,スキーム,日曜日,タワー,リハビリ,ヒール,ストレージ,それ,証言する
見出し,メニュー,評議会,ブレーキ,賞賛する,持っていました,参加する,創傷,血まみれの,鉱山,改善,知覚,ニュース,電話,リニア,サンプル,雪,コーナー,サワー,仕上げ,彼,教授,バナー,スペル,ログ,索引,衝突,保持する,探査,サワー
リハビリ,ヘア,分割,持ってる,風景,創傷,供給,主人,ブラケット,今,コミュニケーション,賞賛する,キャビネット,腐った,通行料金,電話,バス,人形,シュガー,ノート,ログ,職人,チーズ,狐,犯罪者,バーゲン,不自然な,日曜日,パイオニア,運
柔らかい,パイオニア,障害,反射,意図,主人,バス,は,尊敬する,革新,同行,敵対的な,彼女,知覚,探査,埋め込む,楽しんで,じぶんの,虐待,試してみる,連続,オークション,再現する,カレッジ,アクセルペダル,腐った,それ,式,ブランチ,ブレーキ
狐,彼,は,キャビネット,ない,野球,犯罪者,差別する,スキーム,柔らかい,建築,状況,供給,立派な,ブラケット,ヒール,キャビネット,ささやき,保証金,器官,コミュニティ,教会,差別する,クロス,ダイヤモンド,感謝する,リハビリ,追放する,通行料金,陶器
バス,スマッシュ,インチ,じぶんの,保証金,舗装,カラム,行進,副,動物,私,コミュニティ,装置,ハンマー,デフォルト,持ってる,ダイヤモンド,不自然な,彼女,学生,コンペ,暖かい,コーナー,コミュニティ,仕上げ,叔父,細かい,残る,編組,極端な
戦略的,ブランチ,癌,パン,感謝する,犯罪者,コーラス,数字,編組,転倒,溝,ジャム,舗装,大統領,パイオニア,持っていました,あった,楽しんで,状況,デッド,文言,必要,自体,スペル,中央,織る,指名,それ,屋根裏,省略
あなた自身,マリン,憲法,は,キャビン,怒り,メニュー,偏差,狭い,軸,腐った,移動,同行,運,特徴,器官,戦略的,腐った,ソース,あなた自身,カレッジ,出演者,日曜日,コーナー,カラム,じぶんの,柔らかい,編組,協力,人形
持っていました,明らかにする,ヒール,デフォルト,パイオニア,舗装,数字,トリビュート,カレッジ,サワー,不自然な,障害,マリン,腐った,高い,スマッシュ,状況,アクセルペダル,デフォルト,極端な,転倒,仕上げ,文言,パン,主人,倫理,クロス,ログ,発生する,管理する
高い,偏差,証言する,癌,隠す,品質,電話,自体,ハードウェア,楽しんで,腐った,拡張,ブランチ,催眠術,ブランチ,狐,バスケット,立派な,ブランチ,カレッジ,ブラケット,細かい,革新,じぶんの,私,憲法,デフォルト,君は,細かい,トースト
主人,脊椎,動物,ホイール,賞賛する,リンク,賞賛する,埋め込む,立派な,奨励します,ボトル,持っていました,デッド,敵,錯覚,〜,装置,チーズ,保証金,錯覚,衝突,知覚,雪,数字,同行,埋め込む,雪,細かい,叔父,コピー
陶器,あなた自身,トレーナー,緩む,発生する,トリビュート,コーナー,尿,ニュース,販売,楽しんで,インチ,コミュニケーション,学生,ささやき,緩む,主人,屋根裏,必要,管理する,オークション,それ,リンク,助けて,サワー,コミュニケーション,サラダ,ノート,怒り,知覚
大統領,電話,ブラケット,ささやき,葉,拡張,コピー,日曜日,衝突,スペル,運,供給,発生する,ストレージ,欠乏,犯罪者,主人,脊椎,評議会,リニア,転倒,シュガー,暖かい,犯罪者,再現する,細かい,目的,テント,索引,パン
極端な,カレッジ,保証金,は,メニュー,マリン,ブレーキ,反射,催眠術,評議会,腐った,オークション,不自然な,今日,ノート,再現する,販売,ダイヤモンド,不自然な,コンペ,彼,編組,スマッシュ,中央,主人,ささやき,主人,画面,バス,ダッシュ
雪,供給,同行,シュガー,ブラケット,証言する,差別する,試してみる,障害,敵,ジャーナル,副,溝,尊敬する,クール,〜,ノート,癌,保証金,転倒,動物,障害,スペル,保持する,風景,キャビネット,呼ぶ,カレッジ,建築,普通の
衝突,ブラケット,ハンマー,葉,保持する,トリビュート,敵,トーン,タワー,野球,午前,見落とす,追放する,行進,教会,犯罪者,彼,教会,クロス,偏差,スマッシュ,同行,リハビリ,柔らかい,自体,見落とす,装置,普通の,ブラケット,サラダ
索引,明らかにする,試してみる,暖かい,画面,舗装,サラダ,今日,電話,テント,ブレーキ,タワー,状況,協力,知覚,省略,明らかにする,バスケット,リンク,叔父,敵,スペル,残る,装置,試してみる,クルー,同行,リハビリ,不自然な,リハビリ
溝,テント,見落とす,脊椎,偏差,中世,賞賛する,午前,不自然な,中世,創傷,ない,細かい,連続,大統領,楽しんで,目的,ヒット,コピー,反射,脊椎,証言する,出演者,教授,カラム,ニュース,トースト,コンペ,あった,彼女
障害,品質,スキーム,犯罪者,移動,ハンマー,ジャーナル,鉱山,呼ぶ,〜,パン,連続,改善,見出し,奨励します,叔父,呼ぶ,リフト,学生,錯覚,追放する,感謝する,ボトル,ソース,日曜日,戦略的,プラスチック,人形,鉱山,極端な
編組,持っていました,本質的な,フェミニスト,ホイール,知覚,犯罪者,午前,暖かい,コーラス,今日,叔父,風景,ストレージ,再現する,ノート,花嫁,雪,織る,あなた自身,参加する,ベルベット,極端な,バナー,キャビネット,緩む,極端な,コーナー,仕上げ,ヒール
ささやき,今日,ハードウェア,午前,ブラケット,状況,ソース,リフト,再現する,教会,クルー,極端な,午前,ヘア,コンペ,ささやき,あなた自身,見落とす,ジャム,再現する,錯覚,野球,販売,コンペ,画面,呼ぶ,癌,残る,本質的な,自体
サラダ,陶器,腐った,コーナー,賞賛する,腐った,普通の,バスケット,葉,ピック,フェミニスト,必要,ダニ,隠す,デフォルト,賞賛する,参加する,中央,溝,ブレーキ,状況,ベルベット,試してみる,再現する,運,彼女,敵,月,キャビン,は
状況,明らかにする,創傷,パーセント,花嫁,教会,織る,ブレーキ,呼ぶ,管理する,デッド,埋め込む,ささやき,ホイール,私,ソース,敵,トーン,ヒット,本質的な,埋め込む,血まみれの,織る,溝,中央,あった,フェミニスト,パン,花嫁,再現する
主婦,鉱山,サラダ,ヘア,柔らかい,ジャーナル,敵対的な,敵対的な,省略,ピック,ブラケット,スマッシュ,意図,コンペ,陶器,催眠術,証言する,トス,参加する,ダイヤモンド,パーセント,協力,通行料金,敵対的な,不自然な,ささやき,バス,動物,コンペ,じぶんの
タワー,暖かい,出演者,怒り,特徴,偏差,部隊,バケツ,探査,ブランチ,合計,敵,参加する,今,拡張,近代化する,普通の,ヒット,野球,教会,探査,ブレーキ,革新,戦略的,創傷,コンペ,近代化する,リフト,擁する,発生する
月,持ってる,器官,それ,持ってる,意図,デッド,トリビュート,分割,省略,細かい,サラダ,オークション,今日,癌,部隊,索引,クルー,管理する,出演者,教授,バナー,探査,倫理,感謝する,職人,彼女,キャビン,合計,必要
ハードウェア,保持する,中世,ささやき,軸,主婦,尿,ソース,装置,偏差,ささやき,行進,副,スマッシュ,再現する,必要,建築,シェービング,雪,通行料金,コンペ,軸,大統領,オークション,擁する,君は,拡張,行進,尊敬する,持ってる
パーセント,癌,衝突,衝突,舗装,緩む,戦略的,鉱山,ダイヤモンド,葉,リンク,狐,バーゲン,式,パン,トースト,持っていました,尿,編組,錯覚,特徴,クロス,メニュー,彼女,明らかにする,連続,は,バーゲン,戦略的,保持する
風景,シュガー,脊椎,指名,コミュニケーション,クロス,屋根裏,リハビリ,建築,パン,スキーム,ダッシュ,ダッシュ,ダイヤモンド,サワー,バスケット,カレッジ,バケツ,奨励します,中央,特徴,部隊,織る,明らかにする,鉱山,トースト,障害,証言する,大統領,ダッシュ
コミュニケーション,呼ぶ,分割,極端な,月,虐待,コーナー,緩む,叔父,スキーム,職人,軸,隠す,管理する,マリン,索引,プラスチック,販売,不自然な,暖かい,偏差,追放する,叔父,編組,彼,メニュー,偏差,追放する,シュガー,今
バスケット,必要,錯覚,呼ぶ,ない,ホイール,立派な,コミュニケーション,省略,サワー,高い,彼,溝,月,ヒット,埋め込む,ブランチ,リニア,プラスチック,副,改善,柔らかい,索引,クロス,催眠術,雪,じぶんの,職人,極端な,擁する
副,創傷,スペル,パーセント,オークション,大統領,合計,出演者,パン,協力,画面,知覚,評議会,サンプル,ソース,葉,リハビリ,障害,厳しい,合計,暖かい,トス,ブラケット,暖かい,試してみる,障害,月,差別する,厳しい,立派な
パン,編組,腐った,助けて,人形,私,分割,試してみる,主人,敵,賞賛する,索引,参加する,溝,部隊,状況,癌,溝,ハンマー,大統領,狐,主人,近代化する,テント,ダニ,編組,建築,電話,見出し,尊敬する
人形,連続,符号,雪,持っていました,トレーナー,欠乏,ブレーキ,クール,ダイヤモンド,参加する,キャビネット,デッド,リニア,再現する,編組,評議会,見落とす,供給,パン,ボトル,彼女,ストレージ,風景,画面,奨励します,特徴,品質,怒り,雪
リハビリ,ブラケット,クルー,コミュニティ,狭い,分割,メニュー,リンク,呼ぶ,建築,主婦,狭い,スキーム,シュガー,オークション,偏差,シェービング,鉱山,プラスチック,符号,必要,それ,革新,学生,中央,大統領,敵,トースト,ダニ,式
狭い,厳しい,改善,供給,緩む,部隊,拡張,尿,バナー,脊椎,欠乏,探査,分割,助けて,バーゲン,陶器,再現する,催眠術,彼,ヒット,ささやき,スペル,大統領,指名,管理する,デフォルト,自体,特徴,陶器,欠乏
主人,オークション,ヘア,チーズ,キャビン,コピー,鉱山,助けて,合計,行進,怒り,文言,ヒット,大統領,コミュニケーション,コピー,マリン,自体,通行料金,動物,柔らかい,テント,ニュース,楽しんで,尊敬する,欠乏,省略,キャビネット,尿,舗装
転倒,隠す,彼女,参加する,仕上げ,午前,フレーム,クルー,状況,血まみれの,私,〜,知覚,感謝する,バケツ,あなた自身,柔らかい,デフォルト,コミュニティ,織る,品質,催眠術,極端な,狭い,転倒,動物,立派な,人形,中世,保持する
細かい,私,拡張,デッド,改善,ささやき,尊敬する,装置,君は,保持する,品質,ピック,私,月,動物,腐った,ハードウェア,クール,野球,賞賛する,電話,感謝する,索引,ログ,分割,欠乏,腐った,リハビリ,中央,日曜日
トーン,索引,見出し,脊椎,立派な,オークション,文言,ストレージ,高い,ログ,ニュース,極端な,電話,虐待,編組,野球,革新,ブレーキ,陶器,軸,保証金,倫理,参加する,特徴,ブレーキ,自体,虐待,シュガー,虐待,叔父
見落とす,ベルベット,ヘア,は,ボトル,バスケット,試してみる,ソース,ストレージ,トス,ストレージ,メニュー,リハビリ,ブランチ,見落とす,日曜日,狐,連続,トーン,改善,花嫁,バスケット,残る,見出し,動物,脊椎,倫理,式,日曜日,タワー
擁する,擁する,ヒット,大統領,ボトル,癌,コミュニケーション,索引,君は,尿,ヒット,クール,教授,呼ぶ,血まみれの,リニア,バーゲン,キャビン,証言する,同行,パーセント,職人,脊椎,トス,コミュニケーション,主人,ハードウェア,尿,ベルベット,見落とす
式,舗装,リンク,通行料金,ブランチ,テント,創傷,高い,副,鉱山,脊椎,行進,パン,ブランチ,移動,リンク,クール,フレーム,私,ブレーキ,シェービング,クール,溝,タワー,憲法,再現する,供給,それ,部隊,運
ささやき,再現する,運,見落とす,溝,建築,細かい,舗装,叔父,大統領,カラム,パン,ノート,状況,参加する,改善,隠す,協力,月,ログ,バス,探査,狭い,参加する,尊敬する,主人,トーン,日曜日,保持する,発生する
ダッシュ,学生,あなた自身,リフト,彼,リニア,ささやき,クルー,テント,厳しい,シュガー,軸,ベルベット,コミュニティ,隠す,鉱山,編組,彼,ささやき,癌,ダイヤモンド,クルー,器官,部隊,細かい,仕上げ,転倒,今,持ってる,索引
じぶんの,ささやき,学生,カラム,コミュニケーション,リニア,感謝する,立派な,花嫁,反射,副,感謝する,彼女,バナー,品質,トリビュート,リハビリ,符号,コピー,厳しい,近代化する,意図,ベルベット,コミュニケーション,トス,叔父,電池,隠す,パーセント,仕上げ
感謝する,符号,クール,見落とす,バス,ささやき,感謝する,主人,カレッジ,日曜日,職人,トス,ダニ,販売,符号,フェミニスト,スペル,じぶんの,ブラケット,ホイール,ない,暖かい,障害,今,数字,創傷,呼ぶ,ない,テント,感謝する
サンプル,クロス,特徴,持っていました,ダッシュ,溝,柔らかい,ホイール,私,じぶんの,今,サンプル,ダイヤモンド,午前,トーン,行進,埋め込む,ダイヤモンド,敵対的な,サンプル,メニュー,あった,敵対的な,バスケット,私,軸,私,戦略的,腐った,知覚
同行,月,協力,連続,偏差,ジャム,編組,ピック,バス,擁する,差別する,コピー,主婦,リハビリ,動物,残る,ジャム,中央,リンク,主人,デッド,画面,合計,コンペ,戦略的,フェミニスト,コミュニティ,叔父,野球,普通の
ヒール,動物,知覚,クルー,あった,埋め込む,プラスチック,狭い,連続,立派な,シュガー,隠す,デフォルト,行進,主人,タワー,学生,リフト,状況,楽しんで,ピック,連続,フレーム,雪,販売,ブレーキ,トーン,コーナー,編組,省略
偏差,移動,厳しい,じぶんの,コンペ,癌,狐,トス,参加する,鉱山,ささやき,リハビリ,トースト,クルー,販売,装置,プラスチック,追放する,意図,障害,見落とす,あった,ストレージ,ジャム,サンプル,保証金,埋め込む,は,サワー,省略
今日,感謝する,マリン,彼女,偏差,探査,オークション,職人,ブラケット,今,コミュニティ,あなた自身,障害,シュガー,ノート,舗装,普通の,花嫁,自体,癌,連続,オークション,キャビン,運,文言,午前,建築,ホイール,欠乏,君は
は,戦略的,保持する,じぶんの,パン,テント,ログ,緩む,パン,ホイール,フレーム,出演者,追放する,運,バス,リニア,運,拡張,中世,見落とす,陶器,タワー,分割,不自然な,デフォルト,特徴,転倒,学生,タワー,尊敬する
ハードウェア,再現する,ニュース,錯覚,コーナー,舗装,屋根裏,同行,花嫁,指名,探査,販売,プラスチック,ブレーキ,風景,呼ぶ,探査,編組,供給,風景,不自然な,フェミニスト,通行料金,装置,インチ,見出し,サラダ,スマッシュ,トースト,発生する
スマッシュ,数字,拡張,連続,月,主婦,尊敬する,厳しい,キャビン,ジャム,ない,文言,戦略的,ソース,カラム,ダニ,指名,副,教会,狐,狐,電話,ささやき,ダイヤモンド,創傷,数字,それ,自体,感謝する,本質的な
人形,拡張,トレーナー,ダイヤモンド,クロス,供給,明らかにする,協力,カレッジ,明らかにする,サンプル,尿,サンプル,部隊,雪,リンク,テント,電話,尿,ヘア,バス,教会,衝突,本質的な,陶器,マリン,運,は,電話,主人
犯罪者,副,偏差,同行,持ってる,クルー,舗装,普通の,自体,出演者,ブラケット,メニュー,ダッシュ,主人,ベルベット,通行料金,保証金,クルー,パン,奨励します,改善,不自然な,評議会,サラダ,トリビュート,月,近代化する,差別する,奨励します,トレーナー
楽しんで,欠乏,敵,バス,コンペ,助けて,試してみる,腐った,インチ,トレーナー,ボトル,ささやき,スペル,怒り,デフォルト,今日,欠乏,必要,月,メニュー,職人,明らかにする,必要,教授,サラダ,衝突,ヒット,転倒,再現する,ささやき
狭い,陶器,ヒール,タワー,パーセント,コーラス,ベルベット,ピック,コーラス,奨励します,花嫁,バスケット,本質的な,移動,賞賛する,索引,ダッシュ,緩む,電話,建築,今,バス,それ,カラム,スペル,意図,ニュース,偏差,バーゲン,腐った
虐待,デフォルト,教授,怒り,ヘア,残る,助けて,中央,ハードウェア,供給,呼ぶ,ハンマー,持っていました,特徴,参加する,コミュニティ,符号,憲法,証言する,管理する,拡張,脊椎,デッド,シュガー,野球,知覚,敵対的な,中世,普通の,〜
日曜日,カレッジ,参加する,ジャム,転倒,職人,リフト,狐,拡張,電池,虐待,怒り,月,仕上げ,彼女,供給,サンプル,欠乏,ハードウェア,見落とす,花嫁,品質,再現する,評議会,出演者,クロス,ストレージ,狐,今日,参加する
マリン,ブレーキ,不自然な,副,出演者,欠乏,日曜日,今日,動物,供給,索引,パーセント,建築,立派な,自体,ピック,保持する,電話,敵,インチ,花嫁,犯罪者,電話,風景,デフォルト,叔父,差別する,管理する,クロス,近代化する
スキーム,厳しい,脊椎,細かい,ログ,チーズ,ハンマー,クロス,彼,カラム,チーズ,副,午前,陶器,鉱山,怒り,障害,教会,トス,怒り,電話,コーラス,怒り,数字,雪,溝,指名,尊敬する,ベルベット,今日
軸,持っていました,呼ぶ,移動,スマッシュ,ノート,見落とす,ブラケット,欠乏,月,緩む,ハンマー,楽しんで,ピック,再現する,革新,錯覚,リフト,トス,教授,再現する,あった,倫理,ログ,画面,発生する,ホイール,品質,教授,自体
サンプル,残る,建築,教授,本質的な,倫理,月,血まみれの,持ってる,陶器,日曜日,パン,ない,式,サンプル,見出し,プラスチック,犯罪者,クルー,電池,品質,近代化する,評議会,障害,極端な,拡張,供給,日曜日,コミュニティ,隠す
本質的な,タワー,クルー,教会,キャビン,見落とす,キャビネット,ニュース,ジャーナル,キャビネット,コミュニティ,シェービング,暖かい,インチ,合計,ソース,月,協力,目的,呼ぶ,催眠術,持つ,参加する,中世,建築,見出し,合計,ブランチ,賞賛する,偏差
職人,チーズ,癌,ベルベット,供給,大統領,見出し,日曜日,コーナー,ダニ,管理する,主婦,拡張,普通の,花嫁,保持する,腐った,特徴,倫理,大統領,彼女,戦略的,管理する,私,意図,人形,屋根裏,日曜日,トス,編組
供給,ない,偏差,行進,助けて,腐った,連続,感謝する,パン,あなた自身,厳しい,ハンマー,テント,数字,コーラス,本質的な,戦略的,副,あなた自身,サラダ,コンペ,コピー,フレーム,虐待,敵,通行料金,リニア,厳しい,画面,自体
器官,フェミニスト,トーン,移動,反射,奨励します,障害,トースト,部隊,立派な,シュガー,ノート,ブレーキ,トレーナー,サンプル,高い,あった,立派な,狭い,電話,マリン,ダイヤモンド,尊敬する,コンペ,クルー,それ,不自然な,敵,尿,尿
じぶんの,鉱山,ベルベット,アクセルペダル,舗装,溝,電話,デッド,出演者,クルー,品質,鉱山,柔らかい,トースト,大統領,衝突,索引,特徴,脊椎,ハンマー,ハンマー,厳しい,怒り,今日,建築,尊敬する,コミュニティ,トリビュート,シェービング,コミュニティ
敵,彼女,ベルベット,電話,コミュニケーション,フェミニスト,ダッシュ,トースト,フェミニスト,細かい,ダイヤモンド,出演者,ヘア,運,創傷,本質的な,サンプル,人形,バスケット,衝突,中央,ジャーナル,ブラケット,血まみれの,中央,インチ,脊椎,保証金,戦略的,雪
マリン,評議会,行進,野球,ホイール,中世,オークション,倫理,ハンマー,屋根裏,楽しんで,腐った,あった,反射,ストレージ,プラスチック,転倒,ボトル,衝突,クール,同行,自体,ヒット,中央,職人,コミュニティ,参加する,オークション,ハンマー,チーズ
腐った,楽しんで,キャビン,厳しい,主人,狐,省略,管理する,狭い,コミュニティ,日曜日,式,細かい,サワー,メニュー,サラダ,スペル,数字,カラム,大統領,あなた自身,自体,ストレージ,敵対的な,中央,野球,叔父,ボトル,彼女,再現する
トリビュート,ホイール,不自然な,極端な,普通の,パイオニア,ジャム,バーゲン,ブレーキ,リフト,数字,怒り,バス,狭い,〜,分割,障害,ピック,デッド,雪,風景,ダニ,緩む,パン,分割,トーン,シュガー,陶器,リニア,フェミニスト
ストレージ,保証金,ブラケット,極端な,教授,省略,バスケット,拡張,持ってる,サラダ,明らかにする,錯覚,彼女,チーズ,創傷,リンク,日曜日,感謝する,感謝する,ボトル,ジャム,近代化する,行進,改善,バーゲン,持ってる,今,創傷,怒り,意図
人形,錯覚,葉,保証金,メニュー,擁する,創傷,副,電池,状況,ニュース,ダイヤモンド,は,タワー,探査,あった,供給,シュガー,特徴,コミュニティ,インチ,数字,通行料金,指名,マリン,コミュニティ,擁する,コーラス,ニュース,犯罪者
細かい,学生,偏差,雪,ボトル,職人,ブランチ,連続,今日,再現する,行進,狭い,見落とす,日曜日,ニュース,衝突,テント,品質,プラスチック,柔らかい,販売,あった,柔らかい,プラスチック,パン,呼ぶ,中央,リハビリ,キャビネット,見出し
プラスチック,ささやき,衝突,保持する,テント,試してみる,クルー,近代化する,ニュース,脊椎,中世,索引,叔父,マリン,コーラス,隠す,ヒット,今日,メニュー,チーズ,クール,今日,尊敬する,腐った,ログ,私,文言,雪,バナー,リンク
柔らかい,あなた自身,数字,隠す,品質,ブラケット,擁する,インチ,野球,花嫁,器官,普通の,花嫁,普通の,ニュース,癌,装置,厳しい,衝突,ダイヤモンド,野球,持つ,叔父,コーナー,保証金,近代化する,ダイヤモンド,サラダ,屋根裏,カレッジ
細かい,風景,午前,助けて,野球,脊椎,ノート,供給,知覚,ハンマー,近代化する,午前,証言する,キャビン,職人,じぶんの,犯罪者,柔らかい,擁する,知覚,メニュー,クルー,ブラケット,日曜日,〜,舗装,楽しんで,移動,動物,中世
サンプル,陶器,革新,ブランチ,私,彼女,文言,バスケット,カレッジ,チーズ,品質,呼ぶ,憲法,ボトル,日曜日,建築,コピー,暖かい,バケツ,保持する,鉱山,コーナー,チーズ,ない,索引,器官,ボトル,呼ぶ,リフト,尊敬する
癌,式,必要,特徴,職人,運,教授,擁する,特徴,大統領,バケツ,本質的な,擁する,行進,電池,学生,風景,ニュース,教授,ハンマー,衝突,保持する,犯罪者,クール,パーセント,改善,コーナー,尿,タワー,チーズ
埋め込む,バーゲン,カレッジ,ハードウェア,ダッシュ,極端な,障害,同行,鉱山,式,柔らかい,血まみれの,中世,中央,溝,管理する,トス,シェービング,協力,花嫁,見出し,ブラケット,必要,改善,彼女,テント,緩む,虐待,立派な,探査
評議会,省略,ノート,は,カラム,インチ,ホイール,雪,分割,持っていました,雪,〜,残る,省略,ノート,軸,シェービング,ホイール,教会,フレーム,ジャーナル,ヒール,試してみる,楽しんで,シュガー,見落とす,通行料金,装置,織る,販売
花嫁,厳しい,中央,証言する,ジャーナル,犯罪者,シュガー,花嫁,陶器,ハンマー,〜,ノート,リンク,分割,カレッジ,分割,運,スキーム,ログ,ベルベット,管理する,学生,行進,電池,月,血まみれの,じぶんの,必要,建築,ヒット
建築,葉,連続,ブレーキ,出演者,ハードウェア,極端な,知覚,コンペ,知覚,シュガー,オークション,緩む,ハードウェア,拡張,ヘア,スペル,リハビリ,ブランチ,鉱山,発生する,花嫁,野球,部隊,リンク,仕上げ,キャビネット,野球,錯覚,人形
ホイール,立派な,動物,スペル,戦略的,隠す,倫理,敵,目的,同行,教会,中世,ブランチ,暖かい,テント,トレーナー,敵,立派な,探査,改善,倫理,コーナー,ハンマー,管理する,野球,屋根裏,ノート,保持する,血まみれの,人形
コーナー,腐った,キャビン,楽しんで,大統領,普通の,怒り,クール,リハビリ,ダッシュ,ジャム,屋根裏,暖かい,指名,スペル,装置,錯覚,感謝する,アクセルペダル,叔父,バス,目的,楽しんで,暖かい,衝突,中世,スマッシュ,評議会,今,ノート
ジャーナル,供給,障害,式,ささやき,索引,フェミニスト,ホイール,コピー,ハンマー,ホイール,衝突,厳しい,ピック,埋め込む,探査,運,コミュニティ,衝突,運,タワー,陶器,式,運,スマッシュ,自体,トースト,中央,式,運
隠す,行進,尿,月,普通の,見出し,インチ,障害,本質的な,トーン,フレーム,花嫁,主婦,スキーム,今,奨励します,職人,キャビネット,トス,は,ジャーナル,合計,血まみれの,埋め込む,サラダ,血まみれの,トーン,建築,私,衝突
虐待,明らかにする,バケツ,中央,追放する,尊敬する,不自然な,擁する,符号,ダイヤモンド,感謝する,教会,保持する,ダッシュ,ログ,品質,スマッシュ,数字,教授,出演者,君は,副,バナー,ハンマー,革新,コーラス,見出し,出演者,品質,インチ
教授,柔らかい,極端な,今,ノート,ヘア,ソース,必要,評議会,意図,ピック,トリビュート,クロス,出演者,血まみれの,インチ,今日,明らかにする,欠乏,風景,葉,特徴,普通の,血まみれの,協力,保証金,倫理,ヘア,持つ,コンペ
インチ,クール,探査,証言する,じぶんの,バナー,目的,埋め込む,式,憲法,コンペ,ホイール,ない,建築,犯罪者,ベルベット,ダイヤモンド,衝突,残る,タワー,装置,ヒール,持つ,障害,緩む,彼女,合計,大統領,カレッジ,転倒
電話,連続,バスケット,主人,バスケット,ホイール,運,式,バナー,フレーム,虐待,自体,差別する,中世,擁する,フェミニスト,指名,ハンマー,同行,教会,敵,ログ,助けて,保持する,職人,屋根裏,助けて,欠乏,雪,ノート
ハンマー,緩む,高い,トースト,衝突,埋め込む,評議会,高い,フレーム,あった,チーズ,フレーム,癌,フェミニスト,器官,君は,催眠術,供給,部隊,尿,キャビネット,反射,ログ,差別する,ボトル,ボトル,人形,サンプル,自体,立派な
ヘア,は,動物,バス,雪,同行,マリン,副,彼女,メニュー,トースト,状況,緩む,同行,ピック,ボトル,敵対的な,動物,ハンマー,リニア,狐,腐った,リフト,ダイヤモンド,特徴,野球,コーナー,差別する,行進,明らかにする
職人,意図,ヒット,動物,ブランチ,錯覚,ダッシュ,呼ぶ,ダイヤモンド,緩む,ピック,尿,ピック,学生,埋め込む,中央,怒り,賞賛する,ない,鉱山,供給,近代化する,主人,スキーム,キャビネット,隠す,敵対的な,ホイール,目的,自体
トレーナー,尿,行進,柔らかい,試してみる,メニュー,倫理,器官,器官,緩む,目的,中世,符号,式,タワー,評議会,シュガー,コミュニティ,見出し,緩む,追放する,衝突,必要,埋め込む,反射,同行,陶器,電池,見落とす,雪
憲法,管理する,ブランチ,〜,偏差,ハードウェア,今日,持ってる,器官,陶器,スキーム,メニュー,ニュース,擁する,午前,アクセルペダル,ハードウェア,テント,クロス,コーラス,副,今日,協力,大統領,彼,狭い,大統領,近代化する,脊椎,助けて
連続,クール,狐,指名,証言する,発生する,デフォルト,評議会,尿,コピー,証言する,立派な,は,ログ,シェービング,賞賛する,トースト,持つ,柔らかい,コピー,パイオニア,サラダ,キャビン,それ,午前,ジャーナル,学生,バスケット,ベルベット,あった
協力,暖かい,移動,トリビュート,証言する,リンク,建築,主人,画面,厳しい,リンク,テント,ピック,普通の,合計,楽しんで,創傷,主人,溝,バケツ,日曜日,舗装,試してみる,大統領,コピー,副,拡張,革新,シュガー,差別する
持つ,見落とす,フェミニスト,不自然な,あなた自身,目的,転倒,ノート,コンペ,ジャム,反射,主人,テント,サンプル,コーラス,立派な,フレーム,教授,楽しんで,フレーム,ノート,ブラケット,コミュニティ,鉱山,血まみれの,同行,ハードウェア,トリビュート,コミュニケーション,フェミニスト
楽しんで,動物,ハンマー,叔父,省略,溝,スキーム,メニュー,花嫁,サンプル,ブランチ,擁する,戦略的,サラダ,コピー,アクセルペダル,主婦,コミュニケーション,反射,本質的な,シェービング,パイオニア,奨励します,教授,連続,隠す,クルー,品質,指名,職人
主人,装置,ヒット,クール,アクセルペダル,改善,大統領,陶器,パーセント,トリビュート,ダッシュ,普通の,犯罪者,建築,不自然な,ささやき,試してみる,あった,テント,高い,それ,屋根裏,協力,編組,叔父,文言,は,中世,陶器,仕上げ
隠す,バーゲン,感謝する,画面,意図,ささやき,敵対的な,風景,鉱山,持ってる,カラム,サワー,品質,尊敬する,創傷,参加する,創傷,細かい,スペル,ダッシュ,トースト,バス,保持する,マリン,連続,擁する,持つ,フレーム,風景,同行
コンペ,符号,バーゲン,中央,見出し,評議会,ホイール,部隊,軸,柔らかい,フェミニスト,感謝する,仕上げ,脊椎,仕上げ,分割,溝,カレッジ,ソース,擁する,あった,評議会,リフト,尊敬する,陶器,再現する,状況,月,移動,運
参加する,トースト,符号,再現する,敵,暖かい,コミュニティ,シュガー,プラスチック,トレーナー,リハビリ,編組,シェービング,尿,虐待,敵対的な,カレッジ,野球,感謝する,リハビリ,デフォルト,人形,隠す,職人,あった,ボトル,マリン,保証金,ブランチ,本質的な
尊敬する,デフォルト,探査,編組,ブランチ,リンク,大統領,主人,狐,移動,私,奨励します,運,プラスチック,合計,動物,残る,本質的な,革新,コピー,感謝する,キャビン,バーゲン,埋め込む,ダイヤモンド,証言する,欠乏,埋め込む,トス,リフト
分割,必要,隠す,ストレージ,シュガー,月,ホイール,運,合計,パイオニア,保証金,狭い,立派な,コンペ,サラダ,フレーム,障害,革新,クロス,スキーム,探査,柔らかい,じぶんの,ヒット,保証金,仕上げ,仕上げ,血まみれの,ホイール,ダッシュ
装置,彼女,オークション,電話,必要,尊敬する,コーラス,ニュース,あった,チーズ,文言,コーナー,装置,教授,デッド,装置,ない,オークション,状況,ボトル,アクセルペダル,私,極端な,残る,リニア,バーゲン,楽しんで,スキーム,欠乏,画面
リフト,キャビン,ベルベット,トリビュート,式,スキーム,教会,血まみれの,リンク,厳しい,バス,知覚,出演者,参加する,軸,通行料金,器官,管理する,シュガー,じぶんの,シュガー,尊敬する,トーン,ログ,虐待,私,癌,ジャーナル,コミュニケーション,あった
見落とす,ハードウェア,拡張,感謝する,編組,〜,連続,催眠術,軸,リハビリ,〜,偏差,パーセント,パイオニア,は,パン,テント,血まみれの,不自然な,明らかにする,賞賛する,本質的な,ハンマー,狭い,文言,コミュニケーション,血まみれの,フレーム,差別する,フェミニスト
通行料金,コーラス,シュガー,ヒット,管理する,持ってる,フレーム,偏差,自体,リハビリ,差別する,叔父,差別する,暖かい,インチ,式,オークション,戦略的,スマッシュ,追放する,脊椎,自体,ブレーキ,月,出演者,助けて,索引,職人,ヒール,バナー
証言する,屋根裏,トリビュート,教会,カラム,行進,細かい,プラスチック,鉱山,脊椎,試してみる,〜,反射,出演者,拡張,証言する,索引,数字,ハードウェア,ハンマー,リニア,反射,ニュース,スマッシュ,溝,ジャム,午前,主人,ブラケット,チーズ
障害,敵,陶器,敵,画面,私,花嫁,フェミニスト,目的,パーセント,コピー,癌,ホイール,高い,楽しんで,メニュー,同行,編組,それ,午前,部隊,バス,ハンマー,職人,目的,ブレーキ,中世,改善,サンプル,ダニ
柔らかい,ホイール,教授,コーナー,助けて,革新,君は,ストレージ,画面,バナー,ジャーナル,参加する,感謝する,ソース,パン,〜,コピー,障害,追放する,感謝する,インチ,式,コミュニケーション,販売,ヘア,持つ,ノート,保持する,擁する,立派な
フレーム,転倒,コピー,式,あなた自身,狐,カレッジ,トーン,あなた自身,チーズ,ホイール,人形,自体,学生,バスケット,戦略的,〜,知覚,フェミニスト,虐待,部隊,合計,改善,特徴,鉱山,リンク,チーズ,尊敬する,プラスチック,じぶんの
立派な,ささやき,追放する,拡張,トレーナー,デッド,反射,フェミニスト,不自然な,ソース,それ,メニュー,普通の,ハンマー,柔らかい,普通の,管理する,ベルベット,ハードウェア,ボトル,日曜日,催眠術,ログ,倫理,サワー,創傷,コピー,ダッシュ,人形,保持する
彼,癌,装置,緩む,クロス,ジャーナル,トス,電池,陶器,助けて,ブランチ,クルー,知覚,スペル,教会,ささやき,移動,コーナー,電池,尿,職人,極端な,ピック,癌,雪,暖かい,分割,あった,バナー,欠乏
仕上げ,ささやき,拡張,本質的な,式,クール,保持する,自体,コミュニケーション,ヒール,発生する,供給,ない,カラム,狐,主人,尿,動物,メニュー,明らかにする,怒り,催眠術,保持する,ボトル,転倒,探査,リハビリ,犯罪者,陶器,ストレージ
動物,擁する,暖かい,フェミニスト,運,コピー,バス,ホイール,発生する,符号,見落とす,溝,証言する,見落とす,ささやき,メニュー,試してみる,陶器,今,メニュー,特徴,分割,インチ,インチ,オークション,仕上げ,デフォルト,擁する,創傷,ダッシュ
スキーム,軸,教会,教授,立派な,助けて,ささやき,創傷,憲法,織る,創傷,参加する,軸,創傷,不自然な,欠乏,衝突,軸,トス,クルー,自体,ジャム,虐待,バスケット,副,フレーム,今日,〜,サラダ,パーセント
明らかにする,ボトル,大統領,トス,コーナー,ストレージ,鉱山,主人,カラム,トーン,陶器,連続,軸,埋め込む,極端な,テント,アクセルペダル,敵対的な,は,探査,評議会,軸,バケツ,ジャム,残る,発生する,動物,パーセント,保持する,動物
緩む,ささやき,敵,パイオニア,コーラス,君は,協力,ソース,持ってる,カレッジ,追放する,試してみる,呼ぶ,ジャム,普通の,デッド,それ,編組,フェミニスト,出演者,トス,助けて,クルー,織る,分割,管理する,品質,賞賛する,差別する,クルー
鉱山,教授,狭い,パン,シュガー,ヘア,隠す,ブランチ,主人,品質,自体,自体,供給,リニア,パーセント,リハビリ,奨励します,電池,転倒,彼女,トーン,ダッシュ,テント,電話,キャビネット,バナー,分割,反射,人形,バス
ジャム,数字,犯罪者,テント,品質,見落とす,緩む,カラム,キャビネット,近代化する,パン,創傷,犯罪者,中世,近代化する,柔らかい,移動,発生する,障害,フェミニスト,ジャーナル,協力,敵対的な,出演者,織る,バス,彼,アクセルペダル,コーラス,中世
尊敬する,自体,差別する,午前,教授,残る,偏差,トリビュート,鉱山,パーセント,ブラケット,発生する,状況,ヒット,脊椎,スペル,教会,ヘア,欠乏,ストレージ,再現する,ない,午前,メニュー,移動,ログ,ブラケット,品質,クール,再現する
午前,風景,尿,彼女,装置,トーン,サラダ,じぶんの,ダッシュ,状況,欠乏,教授,評議会,普通の,花嫁,証言する,電池,腐った,アクセルペダル,意図,ブランチ,シェービング,陶器,ヒット,バスケット,ピック,バスケット,残る,同行,暖かい
鉱山,ベルベット,ベルベット,キャビネット,見落とす,擁する,屋根裏,品質,彼女,大統領,テント,学生,月,倫理,探査,コピー,脊椎,発生する,サンプル,連続,コピー,〜,目的,デッド,ニュース,じぶんの,ベルベット,指名,ささやき,近代化する
午前,画面,楽しんで,クール,評議会,ニュース,シュガー,衝突,クール,カラム,スペル,数字,リンク,参加する,叔父,明らかにする,クルー,ピック,本質的な,舗装,器官,腐った,トス,マリン,本質的な,管理する,ヘア,トースト,倫理,ヘア
差別する,探査,主婦,賞賛する,バケツ,シェービング,持ってる,極端な,午前,腐った,バーゲン,彼女,仕上げ,意図,虐待,トーン,タワー,トーン,陶器,ベルベット,追放する,チーズ,怒り,部隊,賞賛する,私,コーナー,ヒール,コミュニティ,編組
狐,クール,ダイヤモンド,溝,運,ヒール,発生する,助けて,マリン,保持する,中央,今日,同行,カレッジ,舗装,呼ぶ,試してみる,持っていました,トースト,コンペ,拡張,中世,細かい,持つ,改善,尊敬する,残る,パーセント,プラスチック,オークション
戦略的,大統領,バナー,日曜日,緩む,電池,部隊,ホイール,尊敬する,差別する,風景,犯罪者,バナー,デッド,織る,パン,建築,通行料金,クロス,テント,デフォルト,犯罪者,編組,サラダ,トーン,評議会,賞賛する,同行,革新,雪
テント,トリビュート,憲法,サラダ,コーナー,普通の,通行料金,差別する,追放する,ホイール,ブラケット,見落とす,は,ピック,ささやき,人形,カラム,擁する,カレッジ,カラム,今,中央,細かい,バスケット,コピー,キャビネット,発生する,トス,協力,ベルベット
装置,緩む,主婦,ベルベット,サンプル,分割,クルー,仕上げ,フェミニスト,コミュニケーション,彼女,画面,供給,虐待,トーン,装置,スキーム,大統領,鉱山,花嫁,バケツ,バケツ,出演者,電池,ささやき,憲法,証言する,数字,敵,ログ
軸,トレーナー,花嫁,狭い,トリビュート,クール,彼女,トス,目的,持つ,日曜日,転倒,バケツ,コーラス,軸,極端な,ログ,陶器,普通の,チーズ,トーン,状況,持っていました,人形,数字,クロス,スマッシュ,器官,バケツ,再現する
ブレーキ,残る,協力,装置,探査,再現する,販売,花嫁,狐,発生する,敵対的な,教会,協力,創傷,ニュース,販売,副,見出し,偏差,見落とす,サンプル,柔らかい,不自然な,不自然な,クロス,評議会,倫理,教授,シェービング,戦略的
ブランチ,ブレーキ,憲法,障害,ノート,擁する,参加する,〜,人形,ジャーナル,狐,本質的な,チーズ,発生する,今日,スペル,プラスチック,厳しい,私,午前,欠乏,コーナー,ホイール,パン,式,助けて,運,スペル,パン,ダッシュ
プラスチック,犯罪者,催眠術,今日,不自然な,連続,錯覚,参加する,ニュース,管理する,呼ぶ,省略,犯罪者,残る,装置,鉱山,状況,リンク,ダッシュ,雪,月,擁する,教会,編組,中世,建築,リニア,緩む,立派な,叔父
探査,溝,呼ぶ,緩む,血まみれの,連続,高い,ダニ,楽しんで,リニア,教授,隠す,怒り,トーン,ノート,ダッシュ,主人,風景,ベルベット,合計,運,拡張,転倒,教会,コミュニケーション,午前,デッド,シュガー,楽しんで,柔らかい
保持する,省略,部隊,持ってる,メニュー,トーン,葉,サンプル,じぶんの,トレーナー,参加する,ジャム,リハビリ,コミュニケーション,風景,アクセルペダル,シュガー,午前,キャビン,バスケット,見落とす,知覚,コンペ,シェービング,クルー,保持する,意図,大統領,クール,月
それ,スキーム,品質,欠乏,叔父,改善,虐待,ボトル,創傷,革新,デフォルト,運,差別する,拡張,戦略的,マリン,リニア,葉,保証金,倫理,バーゲン,ブレーキ,省略,クルー,発生する,敵対的な,カレッジ,ノート,彼女,副
インチ,スペル,コミュニティ,動物,リニア,偏差,緩む,編組,教会,コーナー,陶器,擁する,野球,大統領,ヒール,月,サワー,障害,ホイール,呼ぶ,彼女,葉,本質的な,コーナー,スペル,リニア,怒り,主婦,リニア,ヒール
厳しい,それ,ハンマー,ささやき,符号,軸,ノート,フレーム,シェービング,ノート,ニュース,あなた自身,見出し,評議会,厳しい,リハビリ,合計,フェミニスト,合計,供給,クルー,プラスチック,拡張,見落とす,血まみれの,装置,コミュニティ,錯覚,あなた自身,鉱山
創傷,倫理,革新,拡張,発生する,あなた自身,腐った,不自然な,コーラス,運,デッド,オークション,カレッジ,織る,販売,シェービング,状況,癌,主人,ブランチ,憲法,ブランチ,暖かい,持つ,シェービング,品質,倫理,狐,電池,癌
月,ハードウェア,仕上げ,トリビュート,主人,じぶんの,叔父,サワー,再現する,脊椎,保証金,偏差,癌,コミュニティ,反射,自体,クロス,コーナー,画面,行進,持っていました,ベルベット,メニュー,創傷,主人,参加する,画面,極端な,管理する,編組
ソース,リニア,君は,シェービング,電話,行進,アクセルペダル,プラスチック,数字,トーン,スマッシュ,偏差,擁する,運,ノート,鉱山,それ,パーセント,近代化する,軸,装置,カラム,近代化する,デッド,学生,は,ハードウェア,トレーナー,それ,偏差
主人,供給,トレーナー,デッド,見出し,パーセント,中世,野球,販売,〜,供給,持ってる,バナー,あなた自身,ストレージ,犯罪者,リニア,リンク,パイオニア,ソース,隠す,自体,自体,細かい,学生,トレーナー,教授,フェミニスト,腐った,クルー
葉,キャビネット,ダイヤモンド,彼女,助けて,緩む,残る,リフト,花嫁,ダイヤモンド,パーセント,器官,尊敬する,戦略的,細かい,私,擁する,リンク,月,楽しんで,クルー,軸,チーズ,カラム,見落とす,立派な,キャビネット,学生,日曜日,憲法
仕上げ,奨励します,カラム,連続,コーラス,パン,カレッジ,じぶんの,パイオニア,符号,テント,擁する,立派な,持つ,スマッシュ,画面,午前,持っていました,行進,あった,試してみる,電話,ハンマー,持ってる,符号,装置,あなた自身,午前,敵対的な,キャビン
同行,コンペ,キャビン,怒り,コーラス,タワー,供給,パーセント,再現する,画面,人形,溝,ヒール,デッド,花嫁,部隊,バーゲン,参加する,サラダ,クロス,パーセント,編組,バケツ,知覚,戦略的,スキーム,連続,屋根裏,ストレージ,厳しい
ブラケット,コーナー,叔父,暖かい,血まみれの,バス,中央,知覚,舗装,主人,コミュニケーション,コミュニケーション,探査,バス,コミュニティ,分割,戦略的,パイオニア,索引,ログ,必要,コミュニティ,デッド,ヒール,数字,テント,怒り,リフト,屋根裏,キャビン
スペル,運,符号,証言する,マリン,評議会,デッド,発生する,午前,ニュース,保証金,ブランチ,ストレージ,本質的な,バナー,探査,溝,明らかにする,スマッシュ,不自然な,探査,分割,オークション,催眠術,近代化する,緩む,あなた自身,再現する,チーズ,販売
チーズ,パイオニア,彼,タワー,見落とす,高い,トーン,器官,プラスチック,彼女,敵対的な,発生する,今,大統領,立派な,管理する,彼女,ジャーナル,リンク,目的,スキーム,私,持ってる,明らかにする,編組,プラスチック,敵,バナー,高い,葉
転倒,立派な,目的,あなた自身,ダニ,ソース,それ,クルー,保証金,バケツ,極端な,デフォルト,擁する,マリン,シュガー,コミュニケーション,本質的な,意図,ハンマー,は,午前,分割,残る,創傷,拡張,動物,クール,鉱山,パーセント,戦略的
織る,コミュニティ,人形,差別する,見出し,尿,じぶんの,ブレーキ,符号,欠乏,ダイヤモンド,コンペ,革新,人形,品質,指名,トーン,持っていました,ない,ジャーナル,リフト,怒り,軸,パーセント,脊椎,柔らかい,リフト,保持する,大統領,式
シェービング,知覚,リフト,トス,学生,腐った,ログ,隠す,インチ,省略,倫理,メニュー,オークション,キャビネット,スマッシュ,君は,普通の,差別する,敵,中世,バーゲン,陶器,暖かい,立派な,尿,柔らかい,管理する,ノート,ブランチ,織る
持ってる,差別する,近代化する,デッド,省略,ヒール,シュガー,あなた自身,連続,舗装,意図,スキーム,保証金,教授,リニア,保証金,尿,コーナー,参加する,近代化する,装置,同行,〜,極端な,〜,細かい,供給,ヘア,再現する,ジャム
保持する,デッド,電池,ヒット,フェミニスト,呼ぶ,教会,擁する,改善,溝,教授,雪,ヒット,隠す,リンク,私,明らかにする,移動,部隊,テント,革新,目的,ピック,リフト,電池,創傷,建築,文言,柔らかい,ダイヤモンド
狐,彼女,あった,ハンマー,再現する,リフト,探査,参加する,シュガー,月,動物,虐待,近代化する,葉,主人,改善,ジャーナル,今日,数字,カラム,スマッシュ,催眠術,擁する,キャビネット,参加する,極端な,ノート,擁する,高い,敵対的な
呼ぶ,トーン,楽しんで,溝,証言する,索引,私,建築,装置,ダッシュ,彼女,主人,画面,葉,自体,明らかにする,探査,スキーム,倫理,反射,バーゲン,ストレージ,今日,それ,販売,オークション,ピック,中央,探査,ピック
コピー,中世,サンプル,副,賞賛する,電池,腐った,立派な,フェミニスト,は,サワー,証言する,動物,バス,月,コンペ,職人,符号,評議会,分割,憲法,緩む,合計,コーナー,感謝する,助けて,緩む,品質,主婦,立派な
協力,敵,憲法,デッド,合計,保証金,衝突,バーゲン,ソース,コミュニケーション,副,戦略的,協力,今,リハビリ,ベルベット,ヒット,マリン,省略,叔父,極端な,シュガー,ダニ,ささやき,目的,知覚,敵対的な,楽しんで,本質的な,省略
シェービング,タワー,サンプル,差別する,ダニ,ジャム,雪,省略,バーゲン,残る,サワー,錯覚,屋根裏,あなた自身,織る,参加する,知覚,オークション,バス,発生する,教授,器官,デフォルト,同行,呼ぶ,スマッシュ,デッド,カラム,装置,柔らかい
風景,サワー,ヒール,ソース,トーン,ヘア,電池,午前,彼,敵対的な,オークション,ログ,パン,供給,コーナー,ブレーキ,試してみる,中世,教授,装置,通行料金,風景,運,敵対的な,午前,柔らかい,狭い,テント,葉,偏差
クール,編組,厳しい,シェービング,転倒,トーン,符号,尊敬する,癌,トス,叔父,教授,ヒット,ヒール,移動,〜,品質,バナー,ブランチ,雪,主人,軸,通行料金,バケツ,ない,バケツ,参加する,脊椎,コーラス,クルー
緩む,奨励します,擁する,叔父,錯覚,通行料金,倫理,発生する,ない,明らかにする,ダイヤモンド,スマッシュ,倫理,不自然な,教授,ログ,倫理,持つ,花嫁,知覚,販売,インチ,デフォルト,転倒,部隊,〜,主婦,ジャム,オークション,移動
品質,君は,供給,偏差,デッド,パイオニア,残る,クール,偏差,楽しんで,ない,風景,ささやき,革新,バスケット,転倒,編組,主人,パーセント,カレッジ,移動,創傷,隠す,クール,フェミニスト,ジャム,陶器,〜,陶器,リフト
評議会,差別する,中世,知覚,合計,隠す,彼,衝突,マリン,ソース,衝突,倫理,式,君は,運,立派な,タワー,クルー,ヒール,シュガー,コミュニティ,彼女,花嫁,コンペ,トレーナー,インチ,錯覚,行進,ブレーキ,持つ
賞賛する,スキーム,スマッシュ,倫理,画面,シェービング,証言する,教会,フェミニスト,見落とす,符号,チーズ,仕上げ,電池,尊敬する,普通の,マリン,トレーナー,明らかにする,副,分割,符号,コーナー,カラム,隠す,索引,反射,電池,部隊,トス
葉,憲法,創傷,トーン,彼,尊敬する,目的,評議会,持つ,緩む,リフト,感謝する,ハードウェア,狐,狭い,錯覚,運,サンプル,連続,コミュニティ,知覚,マリン,リハビリ,試してみる,特徴,副,証言する,屋根裏,管理する,怒り
ボトル,器官,コピー,式,ボトル,中世,野球,持っていました,ニュース,ニュース,今日,犯罪者,血まみれの,助けて,野球,パン,憲法,連続,部隊,鉱山,証言する,細かい,主人,錯覚,転倒,タワー,式,符号,ベルベット,販売
インチ,バス,ダイヤモンド,リニア,欠乏,倫理,戦略的,虐待,索引,見出し,持つ,ブラケット,不自然な,フレーム,は,陶器,コピー,ヒール,文言,主婦,インチ,助けて,犯罪者,バスケット,コーラス,今日,創傷,器官,主人,ジャム
織る,職人,式,擁する,タワー,コミュニティ,花嫁,敵対的な,仕上げ,虐待,持っていました,評議会,仕上げ,は,部隊,トーン,ソース,販売,通行料金,出演者,ジャーナル,私,擁する,コピー,状況,合計,保証金,コーラス,コーナー,脊椎
細かい,追放する,ブランチ,持っていました,メニュー,細かい,トーン,クロス,立派な,マリン,パイオニア,ブランチ,バケツ,あなた自身,カラム,リンク,持ってる,スペル,中世,拡張,敵対的な,サワー,編組,戦略的,トーン,柔らかい,主人,指名,革新,腐った
プラスチック,供給,省略,コンペ,風景,大統領,持っていました,リハビリ,指名,インチ,分割,君は,供給,ログ,怒り,欠乏,明らかにする,副,ブランチ,デフォルト,見落とす,隠す,犯罪者,軸,ホイール,憲法,保持する,障害,カレッジ,パン
見落とす,尿,器官,彼,仕上げ,助けて,虐待,舗装,尿,陶器,証言する,装置,転倒,試してみる,差別する,今,再現する,ヒール,通行料金,午前,拡張,協力,販売,特徴,中央,花嫁,錯覚,ボトル,障害,織る
オークション,今日,行進,コーラス,感謝する,極端な,人形,追放する,怒り,午前,保証金,評議会,は,花嫁,狐,午前,チーズ,敵対的な,バナー,見落とす,ログ,索引,カレッジ,細かい,器官,連続,敵対的な,バーゲン,ブラケット,仕上げ
コミュニティ,反射,建築,錯覚,ノート,同行,奨励します,革新,中央,近代化する,運,敵対的な,革新,中世,再現する,主人,トレーナー,ヒット,符号,緩む,賞賛する,葉,運,状況,部隊,彼,供給,持つ,転倒,緩む
オークション,月,フレーム,彼,クロス,じぶんの,私,不自然な,トースト,運,創傷,同行,リンク,バス,スマッシュ,ない,腐った,オークション,細かい,立派な,運,バケツ,カラム,キャビン,リハビリ,状況,コミュニティ,野球,バナー,パーセント
リニア,連続,ボトル,管理する,副,タワー,敵対的な,創傷,高い,暖かい,催眠術,衝突,試してみる,クロス,パーセント,数字,再現する,残る,狭い,あなた自身,ない,尿,キャビネット,キャビン,シュガー,〜,器官,障害,ささやき,私
協力,電話,私,軸,大統領,マリン,風景,器官,パイオニア,ストレージ,デッド,鉱山,教授,サラダ,脊椎,デッド,屋根裏,主婦,フレーム,デッド,尿,保持する,残る,狐,暖かい,腐った,厳しい,敵,溝,編組
チーズ,発生する,ダニ,ジャーナル,連続,癌,スキーム,中央,スペル,クルー,行進,ヒール,柔らかい,花嫁,タワー,溝,装置,ストレージ,リハビリ,ダッシュ,楽しんで,供給,戦略的,スマッシュ,行進,障害,呼ぶ,見出し,尿,電池
残る,リハビリ,キャビン,花嫁,サワー,トーン,擁する,参加する,ささやき,オークション,電池,シュガー,ボトル,自体,呼ぶ,偏差,錯覚,癌,トス,リハビリ,学生,花嫁,近代化する,クール,移動,あなた自身,柔らかい,それ,チーズ,追放する
ニュース,埋め込む,特徴,残る,シュガー,葉,近代化する,細かい,血まみれの,ニュース,虐待,ベルベット,協力,同行,スマッシュ,野球,戦略的,見落とす,転倒,文言,コミュニティ,差別する,反射,カレッジ,スペル,デッド,シュガー,参加する,屋根裏,協力
ブレーキ,高い,デッド,怒り,敵,バナー,数字,電池,虐待,ささやき,厳しい,埋め込む,再現する,ダッシュ,ブレーキ,学生,擁する,スマッシュ,再現する,ダイヤモンド,リニア,反射,サワー,数字,犯罪者,擁する,屋根裏,偏差,スペル,プラスチック
楽しんで,極端な,デフォルト,副,フレーム,あなた自身,ノート,偏差,ピック,パン,擁する,索引,欠乏,プラスチック,ブランチ,高い,拡張,フェミニスト,教授,移動,建築,憲法,中央,ノート,ささやき,アクセルペダル,楽しんで,教会,私,学生
供給,ダニ,立派な,ストレージ,差別する,管理する,催眠術,クルー,合計,ダッシュ,見出し,欠乏,ダイヤモンド,革新,鉱山,チーズ,犯罪者,雪,証言する,彼,発生する,日曜日,衝突,マリン,シュガー,カレッジ,怒り,ささやき,編組,スペル
虐待,倫理,符号,動物,屋根裏,画面,証言する,狐,暖かい,舗装,催眠術,ログ,デッド,隠す,私,明らかにする,近代化する,クロス,野球,厳しい,トス,ハードウェア,教授,錯覚,ストレージ,画面,細かい,ヒール,極端な,コーラス
それ,カレッジ,評議会,合計,不自然な,ログ,ホイール,コミュニティ,プラスチック,フェミニスト,タワー,トリビュート,移動,試してみる,厳しい,建築,副,符号,偏差,厳しい,屋根裏,尿,追放する,電話,パイオニア,デッド,ジャーナル,厳しい,パーセント,ささやき
サワー,クロス,舗装,部隊,コーナー,ささやき,怒り,スマッシュ,サラダ,錯覚,器官,必要,ヒール,花嫁,必要,通行料金,パン,尿,人形,ヘア,カレッジ,クルー,叔父,ヒット,普通の,偏差,狐,電池,リフト,電池
保証金,持っていました,ダニ,画面,シェービング,厳しい,ヒット,柔らかい,参加する,ボトル,衝突,障害,販売,ブレーキ,敵対的な,リンク,あった,ない,近代化する,花嫁,見落とす,発生する,屋根裏,副,ヒール,タワー,ホイール,必要,犯罪者,創傷
編組,発生する,反射,軸,虐待,スマッシュ,文言,は,バケツ,バス,コンペ,血まみれの,は,スマッシュ,フレーム,花嫁,教授,ベルベット,カレッジ,クルー,アクセルペダル,仕上げ,再現する,フレーム,トリビュート,クルー,野球,分割,柔らかい,キャビネット
パイオニア,葉,オークション,フェミニスト,あった,ブランチ,助けて,キャビネット,キャビン,賞賛する,ダニ,ブランチ,探査,戦略的,クール,あなた自身,ジャーナル,ストレージ,錯覚,バスケット,行進,コーラス,持つ,供給,画面,近代化する,陶器,リニア,尿,偏差
リハビリ,コミュニティ,コーナー,日曜日,コミュニケーション,職人,尊敬する,バナー,部隊,教会,インチ,サンプル,ヘア,野球,通行料金,欠乏,倫理,管理する,パン,トレーナー,君は,タワー,ログ,コピー,クロス,細かい,擁する,高い,テント,擁する
極端な,オークション,索引,ストレージ,見出し,学生,明らかにする,私,行進,トリビュート,緩む,野球,仕上げ,犯罪者,指名,花嫁,自体,ホイール,彼,パーセント,ハードウェア,感謝する,試してみる,文言,保証金,文言,陶器,ピック,それ,楽しんで
持ってる,自体,プラスチック,プラスチック,は,中世,不自然な,デッド,転倒,オークション,持ってる,省略,ヘア,ダイヤモンド,敵対的な,彼,狭い,見落とす,符号,キャビネット,電話,知覚,同行,合計,スペル,パーセント,ピック,デフォルト,癌,腐った
溝,持っていました,ヒット,創傷,キャビン,主婦,反射,意図,中央,合計,持ってる,スキーム,私,動物,省略,トリビュート,スペル,癌,トーン,電話,月,持つ,ニュース,試してみる,仕上げ,トースト,倫理,持っていました,出演者,ボトル
カラム,器官,省略,織る,クルー,明らかにする,賞賛する,リフト,ジャム,販売,ストレージ,動物,器官,品質,拡張,戦略的,人形,知覚,癌,野球,埋め込む,見落とす,フェミニスト,腐った,トレーナー,偏差,トス,反射,ヘア,改善
職人,編組,クール,明らかにする,拡張,パーセント,彼女,バス,カレッジ,試してみる,意図,ピック,リニア,錯覚,学生,保証金,偏差,メニュー,君は,血まみれの,溝,販売,リニア,シェービング,仕上げ,月,オークション,憲法,楽しんで,極端な
トースト,怒り,合計,脊椎,創傷,人形,大統領,供給,数字,は,職人,スキーム,怒り,緩む,極端な,ボトル,リフト,プラスチック,スペル,テント,虐待,狭い,クール,は,ノート,高い,あなた自身,持ってる,持ってる,編組
パーセント,シュガー,特徴,トリビュート,カレッジ,彼,移動,省略,建築,主婦,コーナー,証言する,フェミニスト,仕上げ,立派な,あった,軸,じぶんの,腐った,ダニ,ソース,知覚,持っていました,彼女,サワー,大統領,陶器,ない,催眠術,陶器
移動,持っていました,差別する,カレッジ,感謝する,再現する,ない,舗装,柔らかい,トリビュート,パン,証言する,通行料金,細かい,サンプル,拡張,管理する,バスケット,画面,反射,コーラス,クロス,残る,極端な,画面,インチ,埋め込む,舗装,ボトル,高い
厳しい,文言,ホイール,キャビン,ダイヤモンド,連続,証言する,〜,屋根裏,賞賛する,あった,指名,発生する,残る,自体,風景,暖かい,トス,符号,同行,学生,持ってる,キャビン,トス,パイオニア,バケツ,持ってる,シュガー,バス,敵
明らかにする,数字,日曜日,合計,協力,合計,リハビリ,文言,ない,敵,デフォルト,見出し,協力,テント,血まみれの,虐待,品質,リニア,犯罪者,バーゲン,陶器,擁する,評議会,ダッシュ,連続,狐,探査,ささやき,改善,ダッシュ
マリン,午前,スマッシュ,リンク,副,あなた自身,ダッシュ,革新,証言する,暖かい,溝,ベルベット,トーン,省略,溝,参加する,〜,午前,戦略的,意図,〜,狭い,大統領,それ,リニア,血まみれの,中世,カレッジ,ピック,尊敬する
犯罪者,職人,リニア,溝,拡張,コミュニティ,ノート,転倒,クルー,それ,参加する,電話,販売,クロス,憲法,電話,コミュニティ,ジャム,特徴,倫理,試してみる,クルー,リフト,運,倫理,中世,暖かい,ホイール,見落とす,インチ
教授,協力,持ってる,ハードウェア,脊椎,雪,探査,クルー,狭い,明らかにする,暖かい,欠乏,催眠術,運,電池,器官,意図,立派な,明らかにする,式,コミュニティ,特徴,虐待,厳しい,インチ,省略,創傷,保持する,暖かい,あった
分割,それ,ボトル,ホイール,同行,人形,通行料金,必要,彼,チーズ,雪,スキーム,スキーム,主婦,フェミニスト,あなた自身,リンク,残る,じぶんの,日曜日,改善,意図,改善,協力,敵対的な,コミュニケーション,コピー,合計,学生,行進
連続,尊敬する,ジャーナル,学生,改善,タワー,コミュニケーション,ダニ,画面,埋め込む,試してみる,電話,拡張,葉,オークション,それ,反射,カレッジ,ピック,差別する,催眠術,スマッシュ,指名,日曜日,キャビン,画面,ブラケット,リハビリ,スマッシュ,虐待
脊椎,屋根裏,省略,中央,敵,職人,中世,参加する,血まみれの,緩む,意図,ない,オークション,スマッシュ,学生,文言,犯罪者,憲法,花嫁,販売,スペル,差別する,パン,ささやき,狭い,追放する,ログ,再現する,チーズ,リンク
錯覚,持っていました,立派な,主婦,風景,ハードウェア,ホイール,織る,カレッジ,保証金,敵,目的,革新,通行料金,品質,クール,管理する,憲法,保証金,障害,午前,主婦,人形,呼ぶ,立派な,スマッシュ,インチ,バナー,電池,欠乏
革新,高い,衝突,転倒,同行,タワー,見落とす,軸,出演者,転倒,評議会,虐待,ストレージ,雪,仕上げ,戦略的,ボトル,スキーム,チーズ,建築,出演者,怒り,リフト,メニュー,血まみれの,立派な,ヒット,ノート,連続,ノート
サラダ,ダイヤモンド,バナー,奨励します,持つ,リハビリ,陶器,ジャム,ジャーナル,ダニ,日曜日,野球,出演者,今,ジャーナル,アクセルペダル,偏差,ノート,マリン,ダッシュ,軸,追放する,賞賛する,持ってる,偏差,敵対的な,ヘア,差別する,屋根裏,メニュー
彼女,サンプル,軸,反射,じぶんの,助けて,プラスチック,改善,高い,障害,反射,本質的な,高い,高い,明らかにする,持つ,電話,欠乏,マリン,ダイヤモンド,敵,戦略的,シェービング,腐った,職人,織る,見出し,オークション,革新,狐
偏差,ささやき,管理する,は,式,スマッシュ,柔らかい,試してみる,コーラス,ジャム,索引,画面,ヘア,オークション,溝,リハビリ,今,トーン,ダッシュ,コミュニティ,衝突,ダニ,目的,ベルベット,緩む,あなた自身,野球,風景,デフォルト,見出し
証言する,トースト,近代化する,クール,知覚,試してみる,バナー,インチ,特徴,普通の,動物,数字,風景,犯罪者,は,編組,ヒット,編組,知覚,トリビュート,スマッシュ,パーセント,極端な,創傷,は,コンペ,保証金,追放する,教授,助けて
ホイール,持っていました,主人,鉱山,今日,シュガー,君は,感謝する,コミュニケーション,省略,リニア,革新,中央,テント,販売,教会,葉,ささやき,ヒール,大統領,明らかにする,アクセルペダル,創傷,錯覚,文言,脊椎,スキーム,マリン,パン,高い
トリビュート,フレーム,呼ぶ,保持する,テント,スマッシュ,鉱山,〜,風景,擁する,憲法,持つ,催眠術,教授,中央,虐待,ハンマー,虐待,仕上げ,シェービング,陶器,デッド,敵,衝突,必要,協力,犯罪者,パーセント,符号,参加する
あった,助けて,タワー,インチ,ダニ,クール,ささやき,ソース,特徴,テント,ボトル,花嫁,バーゲン,ヒール,パーセント,リハビリ,ヒール,ログ,敵,腐った,彼,通行料金,じぶんの,販売,供給,自体,パン,転倒,ソース,催眠術
リニア,合計,発生する,クロス,フレーム,学生,月,建築,ささやき,リンク,血まみれの,タワー,持つ,埋め込む,必要,発生する,カレッジ,販売,錯覚,コミュニケーション,発生する,陶器,明らかにする,ジャーナル,式,器官,管理する,ホイール,今日,拡張
催眠術,ハードウェア,午前,憲法,仕上げ,評議会,器官,トーン,反射,トーン,怒り,分割,軸,式,式,ダッシュ,意図,電池,探査,プラスチック,あった,敵対的な,スマッシュ,部隊,動物,転倒,行進,メニュー,革新,出演者
織る,仕上げ,状況,ささやき,じぶんの,織る,教授,葉,溝,暖かい,リンク,スキーム,尊敬する,合計,コミュニケーション,デッド,画面,パン,スペル,フレーム,彼女,反射,バス,バスケット,バーゲン,仕上げ,メニュー,今,バス,スマッシュ
花嫁,タワー,ダッシュ,品質,欠乏,屋根裏,トレーナー,シェービング,ホイール,彼女,立派な,ログ,動物,画面,ブラケット,中世,舗装,極端な,ボトル,柔らかい,舗装,ハードウェア,見出し,あった,販売,厳しい,品質,柔らかい,偏差,再現する
コーラス,君は,高い,知覚,拡張,同行,クロス,トス,高い,ヘア,評議会,仕上げ,ベルベット,ダイヤモンド,運,ホイール,仕上げ,スペル,ヒット,必要,じぶんの,明らかにする,衝突,通行料金,近代化する,保証金,風景,ソース,パイオニア,舗装
フレーム,スペル,サンプル,暖かい,コーラス,特徴,私,試してみる,オークション,見出し,怒り,部隊,器官,陶器,動物,それ,見出し,ノート,フェミニスト,バーゲン,オークション,行進,大統領,花嫁,スキーム,主婦,テント,プラスチック,今,近代化する
衝突,血まみれの,バケツ,鉱山,極端な,野球,改善,鉱山,行進,省略,創傷,ボトル,癌,主人,教授,拡張,インチ,ヘア,偏差,分割,状況,残る,近代化する,ログ,軸,緩む,ピック,差別する,細かい,鉱山
同行,立派な,トーン,衝突,符号,人形,出演者,トリビュート,犯罪者,電話,文言,販売,脊椎,ダッシュ,敵,コミュニケーション,ハンマー,葉,供給,出演者,中世,月,再現する,月,デフォルト,葉,反射,ホイール,血まみれの,供給
屋根裏,証言する,今,トーン,敵対的な,楽しんで,同行,通行料金,サンプル,織る,ノート,評議会,試してみる,衝突,あなた自身,大統領,教授,狐,サラダ,見落とす,風景,バスケット,ハンマー,障害,副,助けて,コーナー,織る,トリビュート,電池
サワー,ない,障害,リンク,主婦,デフォルト,狭い,スペル,月,見出し,部隊,主人,溝,敵,コーナー,改善,文言,ささやき,部隊,学生,出演者,カレッジ,供給,立派な,販売,見落とす,〜,私,コーナー,敵
ダイヤモンド,血まみれの,連続,カラム,緩む,あった,状況,ボトル,ストレージ,隠す,メニュー,符号,バーゲン,人形,コンペ,花嫁,叔父,彼女,楽しんで,催眠術,軸,障害,狐,特徴,コーナー,中世,擁する,同行,陶器,運
パイオニア,証言する,ストレージ,証言する,ジャーナル,擁する,リニア,鉱山,発生する,プラスチック,葉,カラム,花嫁,見出し,は,狐,キャビン,追放する,ログ,動物,ヒット,符号,狭い,ヒット,ジャーナル,追放する,保持する,ブランチ,電話,普通の
ベルベット,探査,リニア,指名,屋根裏,じぶんの,パーセント,近代化する,血まみれの,移動,野球,雪,トーン,コンペ,コピー,出演者,スキーム,革新,ホイール,今日,証言する,メニュー,君は,彼,コンペ,屋根裏,助けて,虐待,オークション,彼
マリン,立派な,脊椎,文言,保持する,品質,コミュニケーション,行進,葉,探査,参加する,学生,自体,衝突,欠乏,オークション,カラム,自体,クロス,本質的な,電池,障害,近代化する,動物,見落とす,ニュース,ニュース,動物,尿,ジャーナル
カレッジ,敵対的な,助けて,キャビネット,狐,アクセルペダル,ハンマー,今日,衝突,持ってる,は,ストレージ,証言する,バス,サラダ,埋め込む,主人,錯覚,狐,主婦,雪,〜,リフト,トーン,キャビン,式,コピー,トーン,チーズ,柔らかい
じぶんの,ホイール,屋根裏,学生,陶器,賞賛する,助けて,持ってる,サラダ,鉱山,出演者,コピー,指名,パン,尊敬する,メニュー,叔父,残る,試してみる,ヒール,教会,マリン,教授,キャビネット,コーナー,自体,パーセント,テント,装置,証言する
ダッシュ,ブレーキ,中世,数字,オークション,ブランチ,反射,状況,狭い,建築,トースト,索引,プラスチック,運,革新,極端な,索引,ヒール,今日,持っていました,敵,クール,溝,欠乏,ストレージ,シェービング,革新,私,厳しい,オークション
保持する,軸,ヒール,ソース,証言する,舗装,式,ソース,残る,倫理,持っていました,ダイヤモンド,省略,探査,拡張,目的,フェミニスト,ニュース,ハンマー,軸,暖かい,省略,ハードウェア,残る,自体,仕上げ,怒り,午前,連続,販売
持つ,中世,血まみれの,キャビン,ハンマー,花嫁,近代化する,腐った,午前,アクセルペダル,デッド,保証金,メニュー,柔らかい,偏差,持ってる,ブランチ,ピック,教会,屋根裏,日曜日,障害,ジャム,知覚,擁する,教授,怒り,バナー,副,今日
シェービング,販売,埋め込む,中央,君は,ダニ,カレッジ,雪,スマッシュ,感謝する,フェミニスト,ベルベット,職人,野球,あった,溝,オークション,電話,主人,舗装,保証金,パーセント,職人,月,反射,スキーム,反射,午前,トリビュート,明らかにする
知覚,スペル,パーセント,戦略的,装置,目的,シュガー,狐,残る,インチ,リンク,私,ブラケット,陶器,尊敬する,ノート,催眠術,動物,君は,索引,運,敵,大統領,探査,奨励します,必要,目的,再現する,隠す,クロス
柔らかい,狭い,普通の,クルー,感謝する,主人,ブレーキ,ブラケット,状況,保持する,戦略的,合計,持つ,バーゲン,改善,管理する,呼ぶ,スマッシュ,大統領,ベルベット,織る,学生,ブレーキ,午前,戦略的,電池,ヒール,今日,〜,自体
編組,参加する,人形,緩む,ノート,再現する,メニュー,評議会,あった,クロス,カラム,ブランチ,装置,参加する,狐,カラム,ピック,アクセルペダル,あった,パーセント,賞賛する,血まみれの,スキーム,楽しんで,副,同行,狭い,彼女,分割,連続
緩む,感謝する,見出し,残る,クール,キャビネット,差別する,障害,パーセント,叔父,意図,電池,アクセルペダル,暖かい,チーズ,改善,ジャーナル,オークション,偏差,電話,ハードウェア,コンペ,ブラケット,残る,今,サラダ,ダッシュ,ホイール,ニュース,コーナー
スマッシュ,保持する,鉱山,ダッシュ,癌,コミュニケーション,今,探査,屋根裏,見落とす,屋根裏,参加する,細かい,スキーム,差別する,反射,合計,軸,奨励します,通行料金,風景,試してみる,ログ,午前,バーゲン,部隊,立派な,憲法,副,教授
連続,野球,腐った,屋根裏,欠乏,ベルベット,残る,尊敬する,近代化する,は,トースト,リニア,ブレーキ,助けて,ブレーキ,ダイヤモンド,キャビン,知覚,ジャーナル,運,仕上げ,中央,助けて,品質,転倒,文言,転倒,デフォルト,催眠術,埋め込む
学生,じぶんの,サンプル,編組,スマッシュ,主婦,持ってる,緩む,プラスチック,柔らかい,キャビン,スマッシュ,極端な,主婦,サンプル,探査,〜,ノート,リフト,特徴,舗装,チーズ,指名,隠す,指名,コミュニティ,デフォルト,リンク,尿,移動
叔父,錯覚,狐,職人,ささやき,ない,怒り,狭い,高い,コーナー,バスケット,リンク,敵対的な,日曜日,動物,ハードウェア,キャビン,フェミニスト,ない,保持する,パーセント,見落とす,ダッシュ,仕上げ,賞賛する,クルー,オークション,移動,運,呼ぶ
雪,チーズ,ダッシュ,コーラス,クルー,装置,感謝する,不自然な,キャビネット,プラスチック,ジャーナル,細かい,奨励します,ない,デッド,障害,残る,脊椎,ヘア,クルー,指名,同行,ログ,数字,学生,アクセルペダル,ノート,仕上げ,フェミニスト,発生する
尿,テント,持ってる,ヘア,今日,中世,建築,ない,シュガー,舗装,タワー,目的,自体,擁する,狐,敵対的な,バナー,マリン,教授,通行料金,装置,狐,トースト,スキーム,デフォルト,サワー,協力,狐,追放する,軸
教授,人形,追放する,午前,チーズ,再現する,コーラス,学生,バナー,バーゲン,ピック,出演者,革新,転倒,試してみる,フェミニスト,バケツ,テント,部隊,証言する,省略,戦略的,障害,隠す,チーズ,バーゲン,助けて,溝,キャビネット,ボトル
柔らかい,バケツ,ブラケット,トレーナー,パン,柔らかい,シェービング,コーラス,指名,雪,風景,編組,隠す,スペル,は,デッド,溝,障害,君は,創傷,運,索引,君は,怒り,装置,バス,ホイール,ダッシュ,メニュー,販売
発生する,ソース,ヒール,必要,助けて,午前,追放する,ダニ,ジャーナル,憲法,出演者,あなた自身,じぶんの,ノート,鉱山,私,バナー,ブラケット,ダイヤモンド,サラダ,販売,教会,ノート,コーラス,立派な,敵対的な,日曜日,シェービング,ハードウェア,花嫁
癌,細かい,キャビン,クロス,厳しい,野球,今日,テント,バスケット,フレーム,ノート,ダニ,葉,リンク,衝突,近代化する,トス,パーセント,職人,電話,管理する,創傷,自体,パーセント,血まみれの,風景,倫理,ない,トレーナー,運
仕上げ,スペル,あった,雪,文言,ブレーキ,狐,雪,協力,ささやき,符号,埋め込む,今日,ノート,擁する,自体,持っていました,隠す,保証金,スマッシュ,メニュー,ニュース,保証金,軸,犯罪者,特徴,トレーナー,状況,私,カラム
創傷,ささやき,出演者,装置,持つ,サワー,サワー,助けて,ストレージ,陶器,評議会,軸,知覚,副,雪,ハードウェア,錯覚,屋根裏,君は,催眠術,意図,テント,助けて,ソース,再現する,ハードウェア,部隊,コーナー,文言,持つ
画面,犯罪者,高い,合計,符号,極端な,必要,ログ,キャビネット,販売,運,屋根裏,チーズ,ハードウェア,ジャム,合計,賞賛する,リハビリ,〜,中世,マリン,見落とす,中世,コーナー,野球,編組,戦略的,大統領,スキーム,憲法
屋根裏,スマッシュ,葉,ダニ,ハードウェア,転倒,厳しい,連続,隠す,欠乏,彼女,トリビュート,出演者,は,コミュニティ,〜,ない,パーセント,陶器,ダッシュ,犯罪者,サワー,コーナー,キャビン,人形,ダニ,狭い,通行料金,連続,彼
彼女,ブラケット,ノート,合計,コピー,感謝する,叔父,オークション,偏差,キャビネット,革新,コーラス,ダッシュ,ログ,錯覚,パン,拡張,行進,フェミニスト,催眠術,試してみる,午前,奨励します,職人,索引,憲法,今日,月,文言,供給
状況,高い,パイオニア,花嫁,葉,屋根裏,コーナー,キャビン,通行料金,賞賛する,パイオニア,緩む,見落とす,ダイヤモンド,学生,大統領,敵対的な,持ってる,メニュー,フレーム,ささやき,行進,尊敬する,コピー,衝突,デッド,柔らかい,日曜日,バス,催眠術
柔らかい,参加する,細かい,再現する,コンペ,ヒール,省略,鉱山,品質,緩む,アクセルペダル,デフォルト,再現する,脊椎,クルー,主人,柔らかい,転倒,持つ,デフォルト,雪,ノート,中央,腐った,特徴,極端な,今日,サンプル,葉,憲法
拡張,革新,脊椎,催眠術,ニュース,呼ぶ,近代化する,ヒット,緩む,残る,不自然な,サワー,管理する,戦略的,建築,犯罪者,軸,クール,高い,戦略的,は,テント,呼ぶ,ヒット,移動,近代化する,職人,トーン,ボトル,キャビネット
動物,編組,呼ぶ,符号,キャビネット,呼ぶ,電話,スペル,チーズ,ピック,リニア,数字,索引,トレーナー,狭い,は,ブレーキ,トースト,評議会,風景,クール,サラダ,織る,コミュニティ,血まみれの,トースト,リフト,編組,装置,チーズ
持ってる,リハビリ,デフォルト,陶器,反射,コンペ,彼,コンペ,彼女,葉,癌,通行料金,あった,持つ,建築,虐待,ブラケット,鉱山,バナー,中央,パーセント,戦略的,ピック,運,デッド,学生,シェービング,連続,持っていました,鉱山
ログ,虐待,ダイヤモンド,クルー,販売,陶器,仕上げ,索引,ブレーキ,バナー,ブラケット,軸,埋め込む,コピー,立派な,リハビリ,トレーナー,編組,ピック,敵対的な,私,キャビン,拡張,ダニ,ボトル,仕上げ,日曜日,尿,ソース,スペル
供給,舗装,残る,式,特徴,雪,プラスチック,中央,舗装,自体,コミュニケーション,同行,中央,差別する,呼ぶ,探査,ヒール,極端な,符号,サワー,ジャム,目的,追放する,尊敬する,学生,普通の,カラム,尿,大統領,ソース
ヒール,血まみれの,屋根裏,自体,午前,リンク,ジャーナル,シュガー,学生,サワー,織る,立派な,擁する,指名,ダッシュ,評議会,テント,屋根裏,彼女,状況,トースト,トースト,同行,インチ,感謝する,ブラケット,チーズ,私,彼女,ハードウェア
コーラス,持っていました,残る,省略,コピー,合計,コーナー,自体,ジャム,埋め込む,犯罪者,デッド,バナー,ボトル,ハンマー,合計,同行,証言する,衝突,創傷,緩む,リハビリ,状況,トーン,ストレージ,特徴,怒り,テント,じぶんの,電話
トス,尿,は,プラスチック,副,細かい,感謝する,部隊,織る,今,クロス,電話,通行料金,日曜日,動物,プラスチック,私,今,持ってる,バナー,器官,催眠術,普通の,電話,ストレージ,探査,楽しんで,花嫁,ダイヤモンド,軸
評議会,犯罪者,奨励します,スキーム,メニュー,持ってる,高い,カレッジ,副,本質的な,クルー,敵,リニア,織る,コーナー,中世,普通の,は,ダッシュ,クロス,パン,リニア,助けて,フェミニスト,創傷,メニュー,錯覚,コンペ,普通の,ホイール
行進,転倒,あなた自身,協力,陶器,仕上げ,風景,スペル,副,編組,君は,カラム,敵,風景,拡張,持つ,保持する,電池,柔らかい,サンプル,証言する,マリン,中世,スキーム,屋根裏,明らかにする,教会,同行,シェービング,サンプル
索引,デッド,リニア,符号,ヒット,バーゲン,試してみる,協力,品質,マリン,動物,じぶんの,試してみる,タワー,カレッジ,バケツ,ダイヤモンド,ボトル,立派な,バスケット,バーゲン,明らかにする,屋根裏,血まみれの,探査,衝突,じぶんの,あった,ベルベット,デッド
奨励します,助けて,見落とす,リニア,ブレーキ,サワー,あった,細かい,野球,評議会,ブランチ,プラスチック,君は,デッド,保証金,ホイール,画面,溝,差別する,持ってる,持つ,運,インチ,合計,怒り,デフォルト,野球,リハビリ,サンプル,野球
溝,舗装,ささやき,擁する,コーナー,索引,柔らかい,転倒,偏差,ハードウェア,トースト,反射,協力,動物,衝突,革新,キャビン,デフォルト,残る,品質,擁する,パイオニア,雪,指名,叔父,血まみれの,動物,ブランチ,アクセルペダル,省略
葉,リニア,改善,倫理,追放する,見落とす,運,本質的な,ノート,符号,トースト,知覚,装置,偏差,教会,中央,彼女,暖かい,ノート,は,プラスチック,改善,差別する,衝突,部隊,陶器,必要,販売,文言,サンプル
索引,ダイヤモンド,ブレーキ,尊敬する,職人,ニュース,擁する,再現する,は,催眠術,ブランチ,キャビネット,月,今,暖かい,キャビネット,サワー,バケツ,オークション,狐,行進,省略,画面,叔父,カラム,尿,厳しい,部隊,ホイール,探査
見落とす,リハビリ,文言,明らかにする,今日,ジャーナル,評議会,立派な,持ってる,人形,発生する,器官,ない,同行,バス,暖かい,副,ボトル,尿,学生,トレーナー,癌,バスケット,インチ,メニュー,教会,コンペ,トレーナー,トリビュート,偏差
リンク,見出し,トス,差別する,月,探査,再現する,パーセント,ログ,副,部隊,タワー,仕上げ,サンプル,プラスチック,評議会,午前,副,雪,陶器,スペル,状況,再現する,バナー,ホイール,文言,ログ,織る,立派な,探査
柔らかい,改善,保証金,フェミニスト,ホイール,狐,品質,近代化する,ログ,副,明らかにする,連続,ブランチ,保持する,敵,陶器,器官,スペル,フェミニスト,彼,隠す,協力,カラム,衝突,近代化する,倫理,数字,助けて,軸,試してみる
ピック,あなた自身,バナー,不自然な,ホイール,キャビネット,高い,同行,特徴,暖かい,彼,今,擁する,トス,知覚,パン,フレーム,指名,クロス,学生,マリン,持っていました,転倒,電池,脊椎,式,リンク,学生,ジャーナル,ブレーキ
厳しい,電話,動物,販売,合計,織る,奨励します,今日,出演者,ない,ホイール,サラダ,極端な,ハードウェア,花嫁,不自然な,主人,仕上げ,サンプル,君は,差別する,分割,探査,隠す,画面,スマッシュ,ハンマー,部隊,スキーム,ない
パイオニア,知覚,ブレーキ,敵対的な,軸,叔父,軸,は,溝,キャビネット,ログ,リンク,パン,残る,倫理,省略,数字,スペル,アクセルペダル,式,リフト,脊椎,建築,同行,パーセント,反射,風景,ストレージ,バーゲン,器官
偏差,叔父,数字,電池,インチ,ホイール,コンペ,シェービング,あった,脊椎,編組,細かい,インチ,賞賛する,ダイヤモンド,怒り,風景,サラダ,敵,転倒,雪,副,脊椎,品質,学生,創傷,クルー,クルー,奨励します,彼
自体,数字,ストレージ,ブラケット,管理する,意図,主人,花嫁,細かい,不自然な,リニア,指名,助けて,シェービング,彼,虐待,コンペ,チーズ,ない,暖かい,助けて,トレーナー,バスケット,コンペ,チーズ,販売,ジャム,緩む,編組,細かい
